Authors;Year;Region;Country;Habitat;Family;Genus_species;Sex;Sex_Imp;Metric;N;distance_type;Distance;SD;SE;CI_95;Foraging trips cease (km);Communication ceases (km);Notes;follow_up
Abrol (1986);1986;;;;Megachilidae;Megachile_femorata;NA;Female;homing;10;Max;500;;;;;Homing distance;no_access_LK;
Abrol (1988);1988;Asia;India;Agriculture;Megachilidae;Megachile_flavipes;NA;Female;homing;;Max;800;;;;;;no_access_LK;
Abrol (1988);1988;Asia;India;Agriculture;Megachilidae;Megachile_flavipes;NA;Female;homing;;Typical;500;;;;;;no_access_LK;
Abrol (1988);1988;Asia;India;Agriculture;Megachilidae;Megachile_nana;NA;Female;homing;;Max;600;;;;;;no_access_LK;
Abrol (1988);1988;Asia;India;Agriculture;Megachilidae;Megachile_nana;NA;Female;homing;;Typical;400;;;;;;no_access_LK;
Abrol (1988);1988;;;;Megachilidae;Megachile_flavipes;NA;Female;homing;20;Max;800;;;;;Homing distance;no_access_LK;
Abrol (1988);1988;;;;Megachilidae;Megachile_nana;NA;Female;homing;20;Max;650;;;;;Homing distance;no_access_LK;
Abrol (1988);1988;;;;Apidae;Apis_florea;NA;Female;mark recapture;NA;Max;500;;;;;Foraging distance;no_access_LK;
Abrol (1988);1988;;;;Megachilidae;Megachile_flavipes;NA;Female;mark recapture;NA;Max;500;;;;;Foraging distance;no_access_LK;
Abrol (1988);1988;;;;Megachilidae;Megachile_nana;NA;Female;mark recapture;NA;Max;750;;;;;Foraging distance;no_access_LK;
Abrol (1988);1988;;;;Apidae;Apis_florea;Female;Female;NA;;Mean;500;;;;;Observed distance - not sure if mean or max;no_access_LK;
Abrol (1988);1988;;;;Megachilidae;Megachile_flavipes;Female;Female;NFA;;Mean;700;;;;;Observed distance - not sure if mean or max;no_access_LK;
Abrol (1988);1988;;;;Megachilidae;Megachile_nana;Female;Female;NFA;;Mean;800;;;;;Observed distance - not sure if mean or max;no_access_LK;
Amand et al. (2000);2000;North America;USA;Agriculture;Megachilidae;Megachile_rotundata;Female;Female;pollen mapping;NA;Max;1000;;;;;Foraging distance;yes_pdf;assumed rotundata as alfalfa'
Appanah (1979) in Appanah (1982);1979;Asia;Malaysia;rainforest;Apidae;Heterotrigona_erythrogastra;Female;Female;NA;;Max;1100;;;;;Although recent studies reveal T. eythrogastra to forage up to 1100 m to some Elaeis palms outside the forest (Appanah, 1979b);yes_pdf;
Araujo et al. (2004);2004;Central America;Panama;forest;Apidae;Cephalotrigona_capitata;Female;Female;mark recapture;;Max;1650;;;;;Source: Roubik & Aluja (1983) - Mean provided by Greenleaf;Check source;
Araujo et al. (2004);2004;South America;Brazil;NA;Apidae;Melipona_fasciculata;Female;Female;mark recapture;NA;Max;2470;;;;;Source: Kerr (1987);Check source;
Araujo et al. (2004);2004;South America;NA;NA;Apidae;Melipona_marginata;Female;Female;mark recapture;NA;Max;800;;;;;Source: Wille (1983);Check source;
Araujo et al. (2004);2004;South America;Brazil;NA;Apidae;Melipona_quadrifasciata;Female;Female;mark recapture;NA;Max;2000;;;;;Source: Kerr (1987);Check source;
Araujo et al. (2004);2004;South America;Brazil;NA;Apidae;Plebeia_droryana;Female;Female;mark recapture;NA;Max;540;;;;;Source: Kerr (1987);Check source;
Araujo et al. (2004);2004;South America;Brazil;NA;Apidae;Trigona_spinipes;Female;Female;mark recapture;NA;Max;840;;;;;Source: Kerr (1987);Check source;
Bacon et al. (1965);1965;;;;Megachilidae;Megachile_rotundata;Female;Female;mark recapture;;Mean;200;;;;;Observed distance - not sure if mean or max;no_access_LK;
Bansch S., Tscharntke T., Ratnieks F.L.W., HÃ¤rtel S., Westphal C.;2020;Europe;Germany;Agriculture;Apidae;Apis_mellifera;Female;Female;waggle dance;784;Max;7783;;;;;;;
Bansch S., Tscharntke T., Ratnieks F.L.W., HÃ¤rtel S., Westphal C.;2020;Europe;Germany;Agriculture;Apidae;Apis_mellifera;Female;Female;waggle dance;784;Mean;740;;26;;;;;
Beekman and Ratnieks (2000);2000;Europe;UK;moor;Apidae;Apis_mellifera;Female;Female;waggle dance;444;Max;14500;;;;;August_96;yes_pdf;
Beekman and Ratnieks (2000);2000;Europe;UK;moor;Apidae;Apis_mellifera;Female;Female;waggle dance;456;Max;8500;;;;;May_97;yes_pdf;
Beekman and Ratnieks (2000);2000;Europe;UK;moor;Apidae;Apis_mellifera;Female;Female;waggle dance;444;Mean;5500;;;;;August_96;yes_pdf;
Beekman and Ratnieks (2000);2000;Europe;UK;moor;Apidae;Apis_mellifera;Female;Female;waggle dance;456;Mean;1000;;;;;May_97;yes_pdf;
Beekman and Ratnieks (2000);2000;Europe;UK;moor;Apidae;Apis_mellifera;Female;Female;waggle dance;444;Median;6100;;;;;August_96;yes_pdf;
Beekman and Ratnieks (2000);2000;Europe;UK;moor;Apidae;Apis_mellifera;Female;Female;waggle dance;456;Median;680;;;;;May_97;yes_pdf;
Beekman et al. (2004);2004;Europe;UK;urban;Apidae;Apis_mellifera;Female;Female;waggle dance;119;Mean;620;;;;;;L1 JULY;
Beekman et al. (2004);2004;Europe;UK;urban;Apidae;Apis_mellifera;Female;Female;waggle dance;93;Mean;620;;;;;;L2 JULY;
Beekman et al. (2004);2004;Europe;UK;urban;Apidae;Apis_mellifera;Female;Female;waggle dance;36;Mean;670;;;;;;S1 JULY;
Beekman et al. (2004);2004;Europe;UK;urban;Apidae;Apis_mellifera;Female;Female;waggle dance;40;Mean;680;;;;;;S2 JULY;
Beekman et al. (2004);2004;Europe;UK;urban;Apidae;Apis_mellifera;Female;Female;waggle dance;36;Mean;1020;;;;;;S1 AUG;
Beekman et al. (2004);2004;Europe;UK;urban;Apidae;Apis_mellifera;Female;Female;waggle dance;40;Mean;1970;;;;;;S2 AUG;
Beekman et al. (2004);2004;Europe;UK;urban;Apidae;Apis_mellifera;Female;Female;waggle dance;119;Mean;2630;;;;;;L1 AUG;
Beekman et al. (2004);2004;Europe;UK;urban;Apidae;Apis_mellifera;Female;Female;waggle dance;93;Mean;3010;;;;;;L2 AUG;
Beil M., Horn H., Schwabe A.;2008;Europe;Germany;natural - nature reserve;Andrenidae;Andrena_pilipes;Female;Female;pollen mapping;1;Minimum;1250;;;;;;species agg;
Beil M., Horn H., Schwabe A.;2008;Europe;Germany;natural - nature reserve;Andrenidae;Andrena_dorsata;Female;Female;pollen mapping;1;Minimum;650;;;;;;;
Beil M., Horn H., Schwabe A.;2008;Europe;Germany;natural - nature reserve;Andrenidae;Andrena_flavipes;Female;Female;pollen mapping;3;Minimum;800;303,1088913;;;;;;
Beil M., Horn H., Schwabe A.;2008;Europe;Germany;natural - nature reserve;Halictidae;Lasioglossum_calceatum;Female;Female;pollen mapping;4;Minimum;545;383,5361782;;;;;;
Beil M., Horn H., Schwabe A.;2008;Europe;Germany;natural - nature reserve;Halictidae;Lasioglossum_fulvicorne;Female;Female;pollen mapping;1;Minimum;1250;;;;;;;
Bennet et al. (2018);2018;Australasia;New Zealand;urban;Halictidae;Lasioglossum_sordidum;Female;Female;nest plant association;;Mean;115,5;;;;;;Site 1 -Mean minimum to host plants;
Bennet et al. (2018);2018;Australasia;New Zealand;urban;Halictidae;Lasioglossum_sordidum;Female;Female;nest plant association;;Mean;156,81;;;;;;Site 2 - Mean minimum to host plants;
Bohart and Nye (1956);1956;NA;NA;NA;Halictidae;Nomia_melanderi;Female;Female;NA;;Max;11265;;;;;"""forage as far as seven miles""";yes_pdf;
C. O’Toole (personal communication 7/14/04);2004;;;;Halictidae;Lasioglossum_malachurum;Female;Female;nest plant association;;Mean;500;;;;;Observed distance - not sure if mean or max;NA;
C. O’Toole (personal communication 7/14/04);2004;;;;Halictidae;Lasioglossum_pauxillum;Female;Female;nest plant association;;Mean;480;;;;;Observed distance - not sure if mean or max;NA;
C. O’Toole (personal communication 7/14/04);2004;;;;Apidae;Xylocopa_rufa;Female;Female;nest plant association;;Mean;1000;;;;;Observed distance - not sure if mean or max;NA;
C. O’Toole (personal communication 7/14/04);2004;;;;Andrenidae;Andrena_flavipes;Female;Female;pollen mapping;;Mean;500;;;;;Observed distance - not sure if mean or max;NA;
C. O’Toole (personal communication 7/14/04);2004;;;;Apidae;Anthophora_fulvitarsis;Female;Female;pollen mapping;;Mean;1000;;;;;Observed distance - not sure if mean or max;NA;
C. O’Toole (personal communication 7/14/04);2004;;;;Apidae;Bombus_terrestris;Female;Female;pollen mapping;;Mean;2800;;;;;Observed distance - not sure if mean or max;NA;
Campbell A.J., Gomes R.L.C., da Silva K.C., Contrera F.A.L.;2019;South America;Brazil;tropical rainforest/urban;Apidae;Scaptotrigona_postica;Female;Female;homing;1407;max_50;392;;;17;;;max_90 refers to the range at which 90% return, and max_50 at which 50% return;species aff
Campbell A.J., Gomes R.L.C., da Silva K.C., Contrera F.A.L.;2019;South America;Brazil;tropical rainforest/urban;Apidae;Scaptotrigona_postica;Female;Female;homing;1407;max_90;860;;;27;;;Interestingly present the Greenleaf estimate and then their own results;species aff
Carreck et al. (1999);1999;Europe;UK;Agriculture;Apidae;Bombus_terrestris;Female;Female;tracking;21;Max;550;;;;;Osborne et al (1999) A landscape scale investigation of bumble bee foraging range and constancy, using harmonic radar. Journal of Applied Ecology;Check source;
Carvell C., Jordan W.C., Bourke A.F.G., Pickles R., Redhead J.W., Heard M.S.;2012;Europe;England;Agriculture;Apidae;Bombus_lapidarius;Female;Female;molecular;66;Max;1579;;;;;;;
Carvell C., Jordan W.C., Bourke A.F.G., Pickles R., Redhead J.W., Heard M.S.;2012;Europe;England;Agriculture;Apidae;Bombus_lapidarius;Female;Female;molecular;66;Mean;755;;44,2;;;;;
Carvell C., Jordan W.C., Bourke A.F.G., Pickles R., Redhead J.W., Heard M.S.;2012;Europe;England;Agriculture;Apidae;Bombus_pascuorum;Female;Female;molecular;45;Max;1597;;;;;;;
Carvell C., Jordan W.C., Bourke A.F.G., Pickles R., Redhead J.W., Heard M.S.;2012;Europe;England;Agriculture;Apidae;Bombus_pascuorum;Female;Female;molecular;45;Mean;775;;65,6;;;;;
Chapman et al. (2003);2003;Europe;UK;urban;Apidae;Bombus_pascuorum;Female;Female;molecular;96;Max;720;;;;;Min max;yes_pdf;
Chapman et al. (2003);2003;Europe;UK;urban;Apidae;Bombus_pascuorum;Female;Female;molecular;96;Max;3200;;;;;Max max;yes_pdf;
Chapman et al. (2003);2003;Europe;UK;urban;Apidae;Bombus_pascuorum;Female;Female;molecular;96;Median;510;;;;;Min median - only range provided;yes_pdf;
Chapman et al. (2003);2003;Europe;UK;urban;Apidae;Bombus_pascuorum;Female;Female;molecular;96;Median;2300;;;;;Max median;yes_pdf;
Chapman et al. (2003);2003;Europe;UK;urban;Apidae;Bombus_terrestris;Female;Female;molecular;66;Max;870;;;;;Min max;yes_pdf;
Chapman et al. (2003);2003;Europe;UK;urban;Apidae;Bombus_terrestris;Female;Female;molecular;66;Max;3900;;;;;Max max;yes_pdf;
Chapman et al. (2003);2003;Europe;UK;urban;Apidae;Bombus_terrestris;Female;Female;molecular;66;Median;620;;;;;Min median;yes_pdf;
Chapman et al. (2003);2003;Europe;UK;urban;Apidae;Bombus_terrestris;Female;Female;molecular;66;Median;2800;;;;;Max median;yes_pdf;
Charman T.G., Sears J., Green R.E., Bourke A.F.G.;2010;Europe;Scotland;natural;Apidae;Bombus_distinguendus;Female;Female;molecular;;max_95;955;;;;;;;
Charman T.G., Sears J., Green R.E., Bourke A.F.G.;2010;Europe;Scotland;natural;Apidae;Bombus_distinguendus;Female;Female;molecular;;Mode;391;;;;;;;
Chmurzynski et al. (1998);1998;Europe;Poland;forest;Melittidae;Dasypoda_hirtipes;Female;Female;homing;30;Max;4000;;;;;Verified in text;yes_pdf;
Chmurzynski et al. (1998);1998;Europe;Poland;forest;Melittidae;Dasypoda_hirtipes;Female;Female;homing;30;Mean;1700;;;;;Greenleaf - logistic regression;yes_pdf;
Connop S., Hill T., Steer J., Shaw P.;2011;Europe;England;Seminatural;Apidae;Bombus_humilis;Female;Female;molecular;55;Max;2530;;;;;;;
Connop S., Hill T., Steer J., Shaw P.;2011;Europe;England;Seminatural;Apidae;Bombus_humilis;Female;Female;molecular;55;Mean;475;;;;;;;
Connop S., Hill T., Steer J., Shaw P.;2011;Europe;England;Seminatural;Apidae;Bombus_sylvarum;Female;Female;molecular;94;Max;2280;;;;;;;
Connop S., Hill T., Steer J., Shaw P.;2011;Europe;England;Seminatural;Apidae;Bombus_sylvarum;Female;Female;molecular;94;Mean;231;;;;;;;
Couvillon M.J., Riddell Pearce F.C., Accleton C., Fensome K.A., Quah S.K.L., Taylor E.L., Ratnieks F.L.W.;2015;Europe;England;mixed use;Apidae;Apis_mellifera;Female;Female;waggle dance;922;Mean;1074;;;;;;pollen foragers;
Couvillon M.J., Riddell Pearce F.C., Accleton C., Fensome K.A., Quah S.K.L., Taylor E.L., Ratnieks F.L.W.;2015;Europe;England;mixed use;Apidae;Apis_mellifera;Female;Female;waggle dance;4562;Mean;1408;;;;;;nectar foragers;
Crowther L.P., Wright D.J., Richardson D.S., Carvell C., Bourke A.F.G.;2019;Europe;England;mixed use;Apidae;Bombus_hypnorum;Female;Female;molecular;62;Max;601;;;;;;;
Crowther L.P., Wright D.J., Richardson D.S., Carvell C., Bourke A.F.G.;2019;Europe;England;mixed use;Apidae;Bombus_hypnorum;Female;Female;molecular;62;Mean;103,6;;;;;;;
Danner N., Keller A., HÃ¤rtel S., Steffan-Dewenter I.;2017;Europe;Germany;Agriculture;Apidae;Apis_mellifera;Female;Female;waggle dance;116;Mean;1482,65;662,9721163;;;;;Biebelried;PROBLEM: I tried to find the mean from the raw distances table in the supplement but there were two rows with nonsensical distances above 500000 meters or something so the mean was massive...like, thousands of kilometers. 
Danner N., Keller A., HÃ¤rtel S., Steffan-Dewenter I.;2017;Europe;Germany;Agriculture;Apidae;Apis_mellifera;Female;Female;waggle dance;86;Mean;590,15;407,9168889;;;;;Birkenfeld;
Danner N., Keller A., HÃ¤rtel S., Steffan-Dewenter I.;2017;Europe;Germany;Agriculture;Apidae;Apis_mellifera;Female;Female;waggle dance;46;Mean;901,78;597,6192999;;;;;Duttenbrunn;
Danner N., Keller A., HÃ¤rtel S., Steffan-Dewenter I.;2017;Europe;Germany;Agriculture;Apidae;Apis_mellifera;Female;Female;waggle dance;70;Mean;1070,67;1034,44118;;;;;Erlabrunn;
Danner N., Keller A., HÃ¤rtel S., Steffan-Dewenter I.;2017;Europe;Germany;Agriculture;Apidae;Apis_mellifera;Female;Female;waggle dance;89;Mean;1153,71;1044,57134;;;;;Estenfeld;
Danner N., Keller A., HÃ¤rtel S., Steffan-Dewenter I.;2017;Europe;Germany;Agriculture;Apidae;Apis_mellifera;Female;Female;waggle dance;81;Mean;1045,64;658,8490708;;;;;Euerfeld;
Danner N., Keller A., HÃ¤rtel S., Steffan-Dewenter I.;2017;Europe;Germany;Agriculture;Apidae;Apis_mellifera;Female;Female;waggle dance;95;Mean;1106,26;960,1508432;;;;;Gambach;
Danner N., Keller A., HÃ¤rtel S., Steffan-Dewenter I.;2017;Europe;Germany;Agriculture;Apidae;Apis_mellifera;Female;Female;waggle dance;72;Mean;827,6;733,7546873;;;;;Gerbrunn;
Danner N., Keller A., HÃ¤rtel S., Steffan-Dewenter I.;2017;Europe;Germany;Agriculture;Apidae;Apis_mellifera;Female;Female;waggle dance;115;Mean;773,23;768,8977966;;;;;Greussenheim;
Danner N., Keller A., HÃ¤rtel S., Steffan-Dewenter I.;2017;Europe;Germany;Agriculture;Apidae;Apis_mellifera;Female;Female;waggle dance;71;Mean;1293,71;1023,838781;;;;;Karsbach;
Danner N., Keller A., HÃ¤rtel S., Steffan-Dewenter I.;2017;Europe;Germany;Agriculture;Apidae;Apis_mellifera;Female;Female;waggle dance;61;Mean;521,68;910,283899;;;;;Marktbreit;
Danner N., Keller A., HÃ¤rtel S., Steffan-Dewenter I.;2017;Europe;Germany;Agriculture;Apidae;Apis_mellifera;Female;Female;waggle dance;101;Mean;995,04;876,8563393;;;;;Obersfeld;
Danner N., Keller A., HÃ¤rtel S., Steffan-Dewenter I.;2017;Europe;Germany;Agriculture;Apidae;Apis_mellifera;Female;Female;waggle dance;82;Mean;1659,73;1258,272499;;;;;Pleichfeld;
Danner N., Keller A., HÃ¤rtel S., Steffan-Dewenter I.;2017;Europe;Germany;Agriculture;Apidae;Apis_mellifera;Female;Female;waggle dance;84;Mean;1347,97;1572,388543;;;;;Retzstadt;
Danner N., Keller A., HÃ¤rtel S., Steffan-Dewenter I.;2017;Europe;Germany;Agriculture;Apidae;Apis_mellifera;Female;Female;waggle dance;116;Mean;426,34;304,2470442;;;;;Waldbrunn;
Danner N., Keller A., HÃ¤rtel S., Steffan-Dewenter I.;2017;Europe;Germany;Agriculture;Apidae;Apis_mellifera;Female;Female;waggle dance;61;Mean;1052,99;1112,555145;;;;;Winterhausen;
Danner N., Molitor A.M., Schiele S., HÃ¤rtel S., Steffan-Dewenter I.;2016;Europe;Germany;Agriculture;Apidae;Apis_mellifera;Female;Female;waggle dance;1347;Mean;1015;;26;;;;;DISCUSSION: this study is specifically across different landscape types
Darvill et al. (2004);2004;Europe;UK;agriculture woodland urban;Apidae;Bombus_pascuorum;Female;Female;molecular;237;Max;10000;;;;;Sister-pair at 10km - max distance tested;yes_pdf;
Darvill et al. (2004);2004;Europe;UK;agriculture woodland urban;Apidae;Bombus_pascuorum;Female;Female;molecular;237;Mean;625;;;;;;yes_pdf;
Darvill et al. (2004);2004;Europe;UK;agriculture woodland urban;Apidae;Bombus_terrestris;Female;Female;molecular;97;Max;7500;;;;;Sister-pair at 7.5km - authors argue they forage at reduced distances - as above;yes_pdf;
Darvill et al. (2004);2004;Europe;UK;agriculture woodland urban;Apidae;Bombus_terrestris;Female;Female;molecular;97;Mean;312,5;;;;;;yes_pdf;
Desjardins and De Oliveir (2006);2006;North America;Canada;Agriculture;Apidae;Bombus_impatiens;Female;Female;nest plant association;;Max;400;;;;;;;
Dhaliwal and Sharma (1973);1973;Asia;India;Agriculture;Apidae;Apis_cerana;Female;Female;nest plant association;;Max;900;;;;;;Cauliflower;
Dhaliwal and Sharma (1973);1973;Asia;India;Agriculture;Apidae;Apis_cerana;Female;Female;nest plant association;;Max;1100;;;;;;Barberry;
dos Santos C.F., Imperatriz-Fonseca V.L., Arias M.C.;2016;South America;Brazil;;Apidae;Tetragonisca_angustula;Male;Male;molecular;Not sure - 33 nests;Max;1677;;;;;;Dispersal distance;
dos Santos C.F., Imperatriz-Fonseca V.L., Arias M.C.;2016;South America;Brazil;;Apidae;Tetragonisca_angustula;Male;Male;molecular;Not sure - 33 nests;Mean;612;434;;;;;Dispersal distance;
Dyer and Seeley (1991);1991;Asia;Thailand;Tropical rainforest;Apidae;Apis_cerana;Female;Female;waggle dance;;Max;1900;400;;;;Max = mean maximum;yes_pdf;
Dyer and Seeley (1991);1991;Asia;Thailand;Tropical rainforest;Apidae;Apis_cerana;Female;Female;waggle dance;;Mean;195;;;;;50%;yes_pdf;
Dyer and Seeley (1991);1991;Asia;Thailand;Tropical rainforest;Apidae;Apis_dorsata;Female;Female;waggle dance;;Max;12000;6100;;;;Max = mean maximum;yes_pdf;
Dyer and Seeley (1991);1991;Asia;Thailand;Tropical rainforest;Apidae;Apis_dorsata;Female;Female;waggle dance;;Mean;863;;;;;50%;yes_pdf;
Dyer and Seeley (1991);1991;Asia;Thailand;Tropical rainforest;Apidae;Apis_florea;Female;Female;waggle dance;;Max;11200;2500;;;;Max = mean maximum;yes_pdf;
Dyer and Seeley (1991);1991;Asia;Thailand;Tropical rainforest;Apidae;Apis_florea;Female;Female;waggle dance;;Mean;268;;;;;Taken empirical data, not data from other sources (see additional references). Mean = 50%;yes_pdf;
Dyer and Seeley (1991);1991;Asia;Thailand;Tropical rainforest;Apidae;Apis_mellifera;Female;Female;waggle dance;;Max;7900;900;;;;Max = mean maximum;yes_pdf;
Dyer and Seeley (1991);1991;Asia;Thailand;Tropical rainforest;Apidae;Apis_mellifera;Female;Female;waggle dance;;Mean;1650;;;;;50%;yes_pdf;
Esser (2005);2005;Europe;Germany;NA;Colletidae;Colletes_daviesanus;Female;Female;mark recapture;74;Max;2225;;;;;Can only find abstract - thesis;yes_pdf;
Fabre (1914);1914;Europe;France;NA;Megachilidae;Megachile_parietina;Female;Female;homing;;Mean;4000;;;;;2.5 miles = 4km;yes_pdf;
Fabre (1914);1914;Europe;France;NA;Megachilidae;Megachile_sicula;Female;Female;homing;;Mean;4000;;;;;2.5 miles = 4km;yes_pdf;
Franzen et al. (2009);2009;Europe;Sweden;Mixed agriculture/wild;Andrenidae;Andrena_hattorfiana;Female;Female;mark recapture;80;Max;83;;;;;Smaland;yes_pdf;
Franzen et al. (2009);2009;Europe;Sweden;Mixed agriculture/wild;Andrenidae;Andrena_hattorfiana;Female;Female;mark recapture;171;Max;130;;;;;Arontorp;yes_pdf;
Franzen et al. (2009);2009;Europe;Sweden;Mixed agriculture/wild;Andrenidae;Andrena_hattorfiana;Female;Female;mark recapture;80;Median;52;;;;;Smaland;yes_pdf;
Franzen et al. (2009);2009;Europe;Sweden;Mixed agriculture/wild;Andrenidae;Andrena_hattorfiana;Female;Female;mark recapture;171;Median;76;;;;;Arontorp;yes_pdf;
Garbuzov M., Scharch R., Ratnieks F.L.W.;2015;Europe;UK;urban;Apidae;Apis_mellifera;Female;Female;waggle dance;61;Mean;518;;;86;;;April;
Garbuzov M., Scharch R., Ratnieks F.L.W.;2015;Europe;UK;urban;Apidae;Apis_mellifera;Female;Female;waggle dance;234;Mean;461;;;41;;;May;
Garbuzov M., Scharch R., Ratnieks F.L.W.;2015;Europe;UK;urban;Apidae;Apis_mellifera;Female;Female;waggle dance;116;Mean;670;;;110;;;June;
Garbuzov M., Scharch R., Ratnieks F.L.W.;2015;Europe;UK;urban;Apidae;Apis_mellifera;Female;Female;waggle dance;209;Mean;1229;;;175;;;July;
Garbuzov M., Scharch R., Ratnieks F.L.W.;2015;Europe;UK;urban;Apidae;Apis_mellifera;Female;Female;waggle dance;166;Mean;589;;;64;;;August;
Garbuzov M., Scharch R., Ratnieks F.L.W.;2015;Europe;UK;urban;Apidae;Apis_mellifera;Female;Female;waggle dance;95;Mean;685;;;96;;;September;
Garbuzov M., Scharch R., Ratnieks F.L.W.;2015;Europe;UK;urban;Apidae;Apis_mellifera;Female;Female;waggle dance;50;Mean;846;;;235;;;October;
Gary 1972B;1972;North America;USA;Agriculture;Apidae;Apis_mellifera;Female;Female;mark recapture;;Max;6117;;;;;;carrot;
Gary 1972B;1972;North America;USA;Agriculture;Apidae;Apis_mellifera;Female;Female;mark recapture;;Max;4346;;;;;;mixed;
Gary 1972B;1972;North America;USA;Agriculture;Apidae;Apis_mellifera;Female;Female;mark recapture;559;Mean;1663;;;;;;carrot;
Gary 1972B;1972;North America;USA;Agriculture;Apidae;Apis_mellifera;Female;Female;mark recapture;580;Mean;557;;;;;;onions;
Gary 1972B;1972;North America;USA;Agriculture;Apidae;Apis_mellifera;Female;Female;mark recapture;59;Mean;705;;;;;;yellow star thistle;
Gary 1972B;1972;North America;USA;Agriculture;Apidae;Apis_mellifera;Female;Female;mark recapture;37;Mean;1186;;;;;;morning glory;
Gathmann and Tscharntke (2002);1998;Europe;Germany;Agriculture;Andrenidae;Andrena_barbilabris;Female;Female;homing;36;Max;530;;;;;90%;yes_pdf;
Gathmann and Tscharntke (2002);1998;Europe;Germany;Agriculture;Andrenidae;Andrena_barbilabris;Female;Female;homing;36;Median;120;;;;;50%;yes_pdf;
Gathmann and Tscharntke (2002);1998;Europe;Germany;Agriculture;Andrenidae;Andrena_flavipes;Female;Female;homing;36;Max;415;;;;;90%;yes_pdf;
Gathmann and Tscharntke (2002);1998;Europe;Germany;Agriculture;Andrenidae;Andrena_flavipes;Female;Female;homing;36;Median;150;;;;;50%;yes_pdf;
Gathmann and Tscharntke (2002);1998;Europe;Germany;Agriculture;Andrenidae;Andrena_vaga;Female;Female;homing;42;Max;510;;;;;90%;yes_pdf;
Gathmann and Tscharntke (2002);1998;Europe;Germany;Agriculture;Andrenidae;Andrena_vaga;Female;Female;homing;42;Median;260;;;;;50%;yes_pdf;
Gathmann and Tscharntke (2002);1998;Europe;Germany;Agriculture;Megachilidae;Osmia_bicornis;Female;Female;homing;27;Max;900;;;;;90%;yes_pdf;
Gathmann and Tscharntke (2002);1998;Europe;Germany;Agriculture;Megachilidae;Osmia_bicornis;Female;Female;homing;27;Median;500;;;;;50%;yes_pdf;
Gathmann and Tscharntke (2002);1998;Europe;Germany;Agriculture;Apidae;Eucera_salicariae;Female;Female;homing;40;Max;400;;;;;90% (Data from Molitor 1936/37);yes_pdf;
Gathmann and Tscharntke (2002);1998;Europe;Germany;Agriculture;Apidae;Eucera_salicariae;Female;Female;homing;40;Median;185;;;;;50% (Data from Molitor 1936/37);yes_pdf;
Gebhardt and Rohr (1987) in Gathmann and Tscharntke (2002);1987;;;;Andrenidae;Andrena_cineraria;NA;NA;NA;;Max;300;;;;;;no_access_LK;
Gebhardt and Rohr (1987) in Gathmann and Tscharntke (2002);1987;;;;Andrenidae;Andrena_clarkella;NA;NA;NA;;Max;300;;;;;;no_access_LK;
Gebhardt and Röhr (1987);1987;;;;Andrenidae;Andrena_cineraria;NA;Female;host plant association;NA;Max;300;;;;;Foraging distance;no_access_LK;
Gebhardt and Röhr (1987);1987;;;;Andrenidae;Andrena_clarkella;NA;Female;host plant association;NA;Max;300;;;;;Foraging distance;no_access_LK;
Geib J.C., Strange J.P., Galen A.;2015;North America;USA;subalpine;Apidae;Bombus_balteatus;Female;Female;molecular;15;Max;541;;;;;;;
Geib J.C., Strange J.P., Galen A.;2015;North America;USA;subalpine;Apidae;Bombus_balteatus;Female;Female;molecular;15;Mean;85,4;;15;;;;;
Geib J.C., Strange J.P., Galen A.;2015;North America;USA;subalpine;Apidae;Bombus_bifarius;Female;Female;molecular;8;Max;541;;;;;;;
Geib J.C., Strange J.P., Galen A.;2015;North America;USA;subalpine;Apidae;Bombus_bifarius;Female;Female;molecular;8;Mean;110,25;;41,7;;;;;
Geib J.C., Strange J.P., Galen A.;2015;North America;USA;subalpine;Apidae;Bombus_flavifrons;Female;Female;molecular;30;Max;505;;;;;;;
Geib J.C., Strange J.P., Galen A.;2015;North America;USA;subalpine;Apidae;Bombus_flavifrons;Female;Female;molecular;30;Mean;23,8;;10,1;;;;;
Geib J.C., Strange J.P., Galen A.;2015;North America;USA;subalpine;Apidae;Bombus_sylvicola;Female;Female;molecular;5;Max;681;;;;;;;
Geib J.C., Strange J.P., Galen A.;2015;North America;USA;subalpine;Apidae;Bombus_sylvicola;Female;Female;molecular;5;Mean;74,7;;56,3;;;;;
Goulson and Stout (2001);2001;Europe;UK;urban;Apidae;Bombus_terrestris;Female;Female;homing;56;Max;9800;;;;;n = recapture number;yes_pdf;
Guedot C., Bosch J., Kemp W.P.;2009;North America;USA;Agriculture;Megachilidae;Osmia_lignaria;Female;Female;homing;30;Max;1200;;;;;;;
Haeseler (1982);1982;;;;Megachilidae;Osmia_maritima;NA;NA;NA;NA;Max;150;;;;;n.a. - german;no_access_LK;
Haeseler (1982) in Gathmann and Tscharntke (2002);1982;;;;Megachilidae;Osmia_maritima;NA;NA;NA;;Max;200;;;;;;no_access_LK;
Hagen M., Wikelski M., Kissling W.D.;2011;Europe;Germany;mixed rural;Apidae;Bombus_hortorum;Female_Queen;Female_Queen;tracking;3;Max;1316;;;;;;to check: Kreyer D, Oed A, Walther-Hellwig K, Frankl R (2004) Are forests potential landscape barriers for foraging bumblebees? Landscape scale experiments with Bombus terrestrisagg. and Bombus pascuorum (Hymenoptera, Apidae). Biological;
Hagen M., Wikelski M., Kissling W.D.;2011;Europe;Germany;mixed rural;Apidae;Bombus_ruderatus;Female;Female;tracking;1;Max;1943;;;;;;to check: Kreyer D, Oed A, Walther-Hellwig K, Frankl R (2004) Are forests potential landscape barriers for foraging bumblebees? Landscape scale experiments with Bombus terrestrisagg. and Bombus pascuorum (Hymenoptera, Apidae). Biological;
Hagen M., Wikelski M., Kissling W.D.;2011;Europe;Germany;mixed rural;Apidae;Bombus_terrestris;Female;Female;tracking;4;Max;2535;;;;;;to check: Kreyer D, Oed A, Walther-Hellwig K, Frankl R (2004) Are forests potential landscape barriers for foraging bumblebees? Landscape scale experiments with Bombus terrestrisagg. and Bombus pascuorum (Hymenoptera, Apidae). Biological;
Hagler J.R., Mueller S., Teuber L.R., MacHtley S.A., Van Deynze A.;2011;North America;USA;Agriculture;Apidae;Apis_mellifera;Female;Female;mark recapture;614;Max;3165;;;;;;2006;
Hagler J.R., Mueller S., Teuber L.R., MacHtley S.A., Van Deynze A.;2011;North America;USA;Agriculture;Apidae;Apis_mellifera;Female;Female;mark recapture;991;Max;5983;;;;;;2007;
Hagler J.R., Mueller S., Teuber L.R., MacHtley S.A., Van Deynze A.;2011;North America;USA;Agriculture;Apidae;Apis_mellifera;Female;Female;mark recapture;614;Mean;738,1;732;;;;;2006;
Hagler J.R., Mueller S., Teuber L.R., MacHtley S.A., Van Deynze A.;2011;North America;USA;Agriculture;Apidae;Apis_mellifera;Female;Female;mark recapture;991;Mean;864,9;919;;;;;2007;
Hembach (1993);1993;;;;Megachilidae;Hoplitis_adunca;NA;Female;host plant association;NA;Max;180;;;;;Foraging distance - german;no_access_LK;
Herrmann (1999);1999;;;;Megachilidae;Chelostoma_florisomne;NA;Female;homing;6;Max;2000;;;;;Homing distance - german;no_access_LK;
Hofmann et al (2020);2020;Europe;Germany;urban;Megachilidae;Chelostoma_rapunculi;Male;Male;mark recapture;;Max;119;;;;;;;
Hofmann et al (2020);2020;Europe;Germany;urban;Megachilidae;Chelostoma_rapunculi;Male;Male;mark recapture;;Mean;59;34,5;;;;;;
Hofmann et al (2020);2020;Europe;Germany;urban;Megachilidae;Osmia_bicornis;Male;Male;mark recapture;;Max;151;;;;;;;
Hofmann et al (2020);2020;Europe;Germany;urban;Megachilidae;Osmia_bicornis;Male;Male;mark recapture;;Mean;100;40,3;;;;;;
Hofmann et al (2020);2020;Europe;Germany;urban;Megachilidae;Osmia_cornuta;Male;Male;mark recapture;;Max;225;;;;;;;
Hofmann et al (2020);2020;Europe;Germany;urban;Megachilidae;Osmia_cornuta;Male;Male;mark recapture;;Max;215;;;;;;;
Hofmann et al (2020);2020;Europe;Germany;urban;Megachilidae;Osmia_cornuta;Male;Male;mark recapture;;Mean;96;39;;;;;;
Hofmann et al (2020);2020;Europe;Germany;urban;Megachilidae;Osmia_cornuta;Male;Male;mark recapture;;Mean;77;52,5;;;;;;
Hofmann et al (2020);2020;Europe;Germany;urban;Megachilidae;Chelostoma_florisomne;Female;Female;mark recapture;;Max;174;;;;;;;
Hofmann et al (2020);2020;Europe;Germany;urban;Megachilidae;Chelostoma_florisomne;Female;Female;mark recapture;;Mean;82;58,7;;;;;;
Hofmann et al (2020);2020;Europe;Germany;urban;Megachilidae;Chelostoma_rapunculi;Female;Female;mark recapture;;Max;178;;;;;;;
Hofmann et al (2020);2020;Europe;Germany;urban;Megachilidae;Chelostoma_rapunculi;Female;Female;mark recapture;;Mean;104;45,2;;;;;;
Hofmann et al (2020);2020;Europe;Germany;urban;Megachilidae;Heriades_truncorum;Female;Female;mark recapture;;Max;298;;;;;;;
Hofmann et al (2020);2020;Europe;Germany;urban;Megachilidae;Heriades_truncorum;Female;Female;mark recapture;;Mean;73;62,6;;;;;;
Hofmann et al (2020);2020;Europe;Germany;urban;Megachilidae;Hoplitis_adunca;Female;Female;mark recapture;;Max;287;;;;;;;
Hofmann et al (2020);2020;Europe;Germany;urban;Megachilidae;Hoplitis_adunca;Female;Female;mark recapture;;Mean;112;77,3;;;;;;
Hofmann et al (2020);2020;Europe;Germany;urban;Megachilidae;Osmia_bicornis;Female;Female;mark recapture;;Max;250;;;;;;;
Hofmann et al (2020);2020;Europe;Germany;urban;Megachilidae;Osmia_bicornis;Female;Female;mark recapture;;Mean;121;44,6;;;;;;
Hofmann et al (2020);2020;Europe;Germany;urban;Megachilidae;Osmia_cornuta;Female;Female;mark recapture;;Max;724;;;;;;;
Hofmann et al (2020);2020;Europe;Germany;urban;Megachilidae;Osmia_cornuta;Female;Female;mark recapture;;Max;226;;;;;;;
Hofmann et al (2020);2020;Europe;Germany;urban;Megachilidae;Osmia_cornuta;Female;Female;mark recapture;;Mean;106;107,5;;;;;;
Hofmann et al (2020);2020;Europe;Germany;urban;Megachilidae;Osmia_cornuta;Female;Female;mark recapture;;Mean;107;67,9;;;;;;
Jaffe et al. (2016);2016;South America;Brazil;Agriculture;Apidae;Trigona_spinipes;Female;Female;molecular;6;Max;8700;;;;;;;
Jaffe et al. (2016);2016;South America;Brazil;Agriculture;Apidae;Trigona_spinipes;Female;Female;molecular;6;Mean;1742;3419;;;;;;
Janzen (1971);1971;Central America;Costa Rica;lowland rainforest;Apidae;Eufriesea_surinamensis;Female;Female;homing;;Max;23000;;;;;;yes_pdf;
Jha S., Kremen C.;2013;North America;USA;Seminatural;Apidae;Bombus_vosnesenskii;Female;Female;molecular;60;Max;2783;;;;;;;
Jha S., Kremen C.;2013;North America;USA;Seminatural;Apidae;Bombus_vosnesenskii;Female;Female;molecular;60;Mean;600;;;;;;;
Kapyla (1978);1978;;;;Megachilidae;Chelostoma_florisomne;Male;Male;mark recapture;;Mean;100;;;;;Observed distance - not sure if mean or max;no_access_LK;
Kapyla (1978);1978;;;;Megachilidae;Chelostoma_florisomne;Female;Female;mark recapture;;Mean;300;;;;;Observed distance - not sure if mean or max;no_access_LK;
Kawamura (1954) in Kitamura (1969);1954;;;;Megachilidae;Osmia_pedicornis;NA;Female;homing;;Mean;500;;;;;Observed distance - not sure if mean or max;no_access_LK;
Kitamura (1969);1969;Asia;Japan;Agriculture;Megachilidae;Osmia_cornifrons;NA;Female;homing;;Max;800;;;;;;no_access_LK;
Kitamura (1969);1969;Asia;Japan;Agriculture;Megachilidae;Osmia_cornifrons;NA;Female;homing;;Typical;600;;;;;;no_access_LK;
Kitamura (1969);1969;;;;Megachilidae;Osmia_pedicornis;Female;Female;homing;;Mean;700;;;;;Observed distance - not sure if mean or max;no_access_LK;
Knight et al. (2005);2005;Europe;UK;Agriculture;Apidae;Bombus_lapidarius;Female;Female;molecular;379;Max;1250;;;;;Maximum - largest distance with sister pair;yes_pdf;
Knight et al. (2005);2005;Europe;UK;Agriculture;Apidae;Bombus_lapidarius;Female;Female;molecular;379;Mean;450;;;;;"""Minimum maximum""";yes_pdf;
Knight et al. (2005);2005;Europe;UK;Agriculture;Apidae;Bombus_pascuorum;Female;Female;molecular;184;Max;1500;;;;;Maximum - largest distance with sister pair;yes_pdf;
Knight et al. (2005);2005;Europe;UK;Agriculture;Apidae;Bombus_pascuorum;Female;Female;molecular;184;Mean;449;;;;;"""Minimum maximum""";yes_pdf;
Knight et al. (2005);2005;Europe;UK;Agriculture;Apidae;Bombus_pratorum;Female;Female;molecular;203;Max;1500;;;;;Maximum - largest distance with sister pair;yes_pdf;
Knight et al. (2005);2005;Europe;UK;Agriculture;Apidae;Bombus_pratorum;Female;Female;molecular;203;Mean;674;;;;;"""Minimum maximum""";yes_pdf;
Knight et al. (2005);2005;Europe;UK;Agriculture;Apidae;Bombus_terrestris;Female;Female;molecular;203;Max;1500;;;;;Maximum - largest distance with sister pair;yes_pdf;
Knight et al. (2005);2005;Europe;UK;Agriculture;Apidae;Bombus_terrestris;Female;Female;molecular;203;Mean;758;;;;;"""Minimum maximum""";yes_pdf;
Kohl P.L., Thulasi N., Rutschmann B., George E.A., Steffan-Dewenter I., Brockmann A.;2020;Asia;India;urban;Apidae;Apis_cerana;Female;Female;waggle dance;123;Max;296,65;;;;;;;
Kohl P.L., Thulasi N., Rutschmann B., George E.A., Steffan-Dewenter I., Brockmann A.;2020;Asia;India;urban;Apidae;Apis_cerana;Female;Female;waggle dance;110;Max;430,84;;;;;;;
Kohl P.L., Thulasi N., Rutschmann B., George E.A., Steffan-Dewenter I., Brockmann A.;2020;Asia;India;urban;Apidae;Apis_cerana;Female;Female;waggle dance;75;Max;975,36;;;;;;;
Kohl P.L., Thulasi N., Rutschmann B., George E.A., Steffan-Dewenter I., Brockmann A.;2020;Asia;India;urban;Apidae;Apis_cerana;Female;Female;waggle dance;92;Max;755,81;;;;;;;
Kohl P.L., Thulasi N., Rutschmann B., George E.A., Steffan-Dewenter I., Brockmann A.;2020;Asia;India;urban;Apidae;Apis_cerana;Female;Female;waggle dance;123;Mean;94,57;68,6859877;;;;;;
Kohl P.L., Thulasi N., Rutschmann B., George E.A., Steffan-Dewenter I., Brockmann A.;2020;Asia;India;urban;Apidae;Apis_cerana;Female;Female;waggle dance;110;Mean;100,7;74,8710229;;;;;;
Kohl P.L., Thulasi N., Rutschmann B., George E.A., Steffan-Dewenter I., Brockmann A.;2020;Asia;India;urban;Apidae;Apis_cerana;Female;Female;waggle dance;75;Mean;313,72;267,087894;;;;;;
Kohl P.L., Thulasi N., Rutschmann B., George E.A., Steffan-Dewenter I., Brockmann A.;2020;Asia;India;urban;Apidae;Apis_cerana;Female;Female;waggle dance;92;Mean;128,98;134,486706;;;;;;
Kohl P.L., Thulasi N., Rutschmann B., George E.A., Steffan-Dewenter I., Brockmann A.;2020;Asia;India;urban;Apidae;Apis_dorsata;Female;Female;waggle dance;135;Max;2909,02;;;;;;;
Kohl P.L., Thulasi N., Rutschmann B., George E.A., Steffan-Dewenter I., Brockmann A.;2020;Asia;India;urban;Apidae;Apis_dorsata;Female;Female;waggle dance;69;Max;388,34;;;;;;;
Kohl P.L., Thulasi N., Rutschmann B., George E.A., Steffan-Dewenter I., Brockmann A.;2020;Asia;India;urban;Apidae;Apis_dorsata;Female;Female;waggle dance;109;Max;1423,94;;;;;;;
Kohl P.L., Thulasi N., Rutschmann B., George E.A., Steffan-Dewenter I., Brockmann A.;2020;Asia;India;urban;Apidae;Apis_dorsata;Female;Female;waggle dance;60;Max;792,63;;;;;;;
Kohl P.L., Thulasi N., Rutschmann B., George E.A., Steffan-Dewenter I., Brockmann A.;2020;Asia;India;urban;Apidae;Apis_dorsata;Female;Female;waggle dance;135;Mean;566,15;781,717234;;;;;;
Kohl P.L., Thulasi N., Rutschmann B., George E.A., Steffan-Dewenter I., Brockmann A.;2020;Asia;India;urban;Apidae;Apis_dorsata;Female;Female;waggle dance;69;Mean;204,87;77,4212409;;;;;;
Kohl P.L., Thulasi N., Rutschmann B., George E.A., Steffan-Dewenter I., Brockmann A.;2020;Asia;India;urban;Apidae;Apis_dorsata;Female;Female;waggle dance;109;Mean;315,1;249,74465;;;;;;
Kohl P.L., Thulasi N., Rutschmann B., George E.A., Steffan-Dewenter I., Brockmann A.;2020;Asia;India;urban;Apidae;Apis_dorsata;Female;Female;waggle dance;60;Mean;240,96;160,819809;;;;;;
Kohl P.L., Thulasi N., Rutschmann B., George E.A., Steffan-Dewenter I., Brockmann A.;2020;Asia;India;urban;Apidae;Apis_florea;Female;Female;waggle dance;113;Max;1311,45;;;;;;;
Kohl P.L., Thulasi N., Rutschmann B., George E.A., Steffan-Dewenter I., Brockmann A.;2020;Asia;India;urban;Apidae;Apis_florea;Female;Female;waggle dance;83;Max;2566,5;;;;;;;
Kohl P.L., Thulasi N., Rutschmann B., George E.A., Steffan-Dewenter I., Brockmann A.;2020;Asia;India;urban;Apidae;Apis_florea;Female;Female;waggle dance;136;Max;870,37;;;;;;;
Kohl P.L., Thulasi N., Rutschmann B., George E.A., Steffan-Dewenter I., Brockmann A.;2020;Asia;India;urban;Apidae;Apis_florea;Female;Female;waggle dance;40;Max;2113,43;;;;;;;
Kohl P.L., Thulasi N., Rutschmann B., George E.A., Steffan-Dewenter I., Brockmann A.;2020;Asia;India;urban;Apidae;Apis_florea;Female;Female;waggle dance;113;Mean;339,89;249,29232;;;;;;
Kohl P.L., Thulasi N., Rutschmann B., George E.A., Steffan-Dewenter I., Brockmann A.;2020;Asia;India;urban;Apidae;Apis_florea;Female;Female;waggle dance;83;Mean;180,06;401,42818;;;;;;
Kohl P.L., Thulasi N., Rutschmann B., George E.A., Steffan-Dewenter I., Brockmann A.;2020;Asia;India;urban;Apidae;Apis_florea;Female;Female;waggle dance;136;Mean;137,7;155,251053;;;;;;
Kohl P.L., Thulasi N., Rutschmann B., George E.A., Steffan-Dewenter I., Brockmann A.;2020;Asia;India;urban;Apidae;Apis_florea;Female;Female;waggle dance;40;Mean;286,7;406,365377;;;;;;
Kraus et al. (2009);2009;Europe;Germany;urban;Apidae;Bombus_terrestris;Male;Male;Density of worker- and/or drone-producing colonies;NA;Max;9900;;;;;Male flight distance;yes_pdf;
Kraus et al. (2009);2009;Europe;Germany;urban;Apidae;Bombus_terrestris;Male;Male;Density of worker- and/or drone-producing colonies;NA;Max;2600;;;;;Male flight distance - conservative;yes_pdf;
Kreyer et al. (2004);2004;Europe;Germany;forest grassland;Apidae;Bombus_pascuorum;Female;Female;nest plant association;;Max;800;;;;;;;
Kreyer et al. (2004);2004;Europe;Germany;forest grassland;Apidae;Bombus_terrestris;Female;Female;nest plant association;;Max;2200;;;;;;;
Kuhn-Neto et al. (2009);2009;South America;Brazil;Agriculture;Apidae;Melipona_mandacaia;Female;Female;feeder;;Max;2100;;;;;Large foragers - colony 1;yes_pdf;
Kuhn-Neto et al. (2009);2009;South America;Brazil;Agriculture;Apidae;Melipona_mandacaia;Female;Female;feeder;;Max;1840;;;;;Small foragers - colony 2;yes_pdf;
Kuhn-Neto et al. (2009);2009;South America;Brazil;Agriculture;Apidae;Melipona_mandacaia;Female;Female;feeder;;Max;1560;;;;;Small foragers - colony 3;yes_pdf;
Kuhn-Neto et al. (2009);2009;South America;Brazil;Agriculture;Apidae;Melipona_mandacaia;Female;Female;feeder;NA;Mean;1000;;;;;Large foragers - colony 1;yes_pdf;
Kuhn-Neto et al. (2009);2009;South America;Brazil;Agriculture;Apidae;Melipona_mandacaia;Female;Female;feeder;;Mean;500;;;;;Small foragers - colony 2;yes_pdf;
Kuhn-Neto et al. (2009);2009;South America;Brazil;Agriculture;Apidae;Melipona_mandacaia;Female;Female;feeder;;Mean;600;;;;;Small foragers - colony 3;yes_pdf;
Lepais O., Darvill B., O'Connor S., Osborne J.L., Sanderson R.A., Cussans J., Goffe L., Goulson D.;2010;Europe;UK;Agriculture;Apidae;Bombus_lapidarius;Female_Queen;Female_Queen;molecular;9;Median;1820,4;;;;;;;
Lepais O., Darvill B., O'Connor S., Osborne J.L., Sanderson R.A., Cussans J., Goffe L., Goulson D.;2010;Europe;UK;Agriculture;Apidae;Bombus_pascuorum;Female_Queen;Female_Queen;molecular;177;Median;1265;;;;;;;
Linsley and McSwain (1942);1942;North America;USA;NA;Apidae;Anthophora_linsleyi;Female;Female;pollen mapping;;Mean;1600;;;;;The females… a factor which necessitated a flight of more than a mile from the nesting region;yes_pdf;
Makinson J.C., Woodgate J.L., Reynolds A., Capaldi E.A., Perry C.J., Chittka L.;2019;Europe;UK;Agriculture;Apidae;Bombus_terrestris;Female_Queen;Female_Queen;tracking;20;Max;600;;;;;;;
Menke (1954);1954;;;;Halictidae;Nomia_melanderi;Female;Female;NFA;;Mean;1600;;;;;Observed distance - not sure if mean or max;no_access_LK;
Michener (1974);1974;;;;Apidae;Apis_cerana;Female;Female;feeder;;Max;800;;;;;700;no_access_LK;ss indica
Michener (1974);1974;;;;Apidae;Apis_mellifera;Female;Female;feeder;;Max;12000;;;;;11000;no_access_LK;
Michener (1974);1974;;;;Apidae;Apis_mellifera;Female;Female;feeder;;Max;2800;;;;;2400;no_access_LK;ss adansonii
Michener (1974);1974;;;;Apidae;Apis_mellifera;Female;Female;feeder;;Max;2500;;;;;2400;no_access_LK;ss  mellifera
Michener (1974);1974;;;;Apidae;Heterotrigona_iridipennis;Female;Female;feeder;;Max;100;;;;;100;no_access_LK;
Michener (1974);1974;;;;Apidae;Plebeia_mosquito;Female;Female;feeder;;Max;500;;;;;300;no_access_LK;
Michener (1974);1974;;;;Apidae;Trigona_amalthea;Female;Female;feeder;;Max;1000;;;;;800;no_access_LK;
Michener (1974);1974;;;;Apidae;Trigona_spinipes;Female;Female;feeder;;Max;800;;;;;600;no_access_LK;
Mola J.M., Miller M.R., O'Rourke S.M., Williams N.M.;2020;North America;USA;montane;Apidae;Bombus_vancouverensis;Female;Female;molecular;39;Max;726;;;;;;"in my study B. vancouverensis is ""B. bifarius"" but it has since been split";
Mola J.M., Miller M.R., O'Rourke S.M., Williams N.M.;2020;North America;USA;montane;Apidae;Bombus_vancouverensis;Female;Female;molecular;39;Mean;95,8;103;;;;;"in my study B. vancouverensis is ""B. bifarius"" but it has since been split";
Mola J.M., Miller M.R., O'Rourke S.M., Williams N.M.;2020;North America;USA;montane;Apidae;Bombus_vosnesenskii;Female;Female;molecular;66;Max;3709;;;;;;;
Mola J.M., Miller M.R., O'Rourke S.M., Williams N.M.;2020;North America;USA;montane;Apidae;Bombus_vosnesenskii;Female;Female;molecular;66;Mean;448;546;;;;;;
Molitor (1937);1937;;;;Megachilidae;Rhodanthidium_septemdentatum;Female;Female;homing;NA;Max;1200;;;;;Homing distance;no_access_LK;
Molitor (1937);1937;;;;Megachilidae;Hoplitis_anthocopoides;Female;Female;homing;NA;Max;150;;;;;Homing distance;no_access_LK;
Molitor (1937) in Gathmann and Tscharntke (2002);1937;;;;Megachilidae;Hoplitis_anthocopoides;Female;Female;NA;;Max;200;;;;;;no_access_LK;
Molitor (1937) in Gathmann and Tscharntke (2002);1937;;;;Megachilidae;Osmia_mustelina;Female;Female;NA;;Max;1000;;;;;;no_access_LK;
Molitor (1937) in Gathmann and Tscharntke (2002);2002;;;;Apidae;Xylocopa_violacea;Female;Female;NA;;Max;1200;;;;;;no_access_LK;
Munster-Swendsen (1968);1968;;;;Andrenidae;Panurgus_banksianus;Female;Female;nest plant association;;Mean;300;;;;;Observed distance - not sure if mean or max;no_access_LK;
Münster-Swendsen (1968);1968;;;;Andrenidae;Panurgus_banksianus;NA;NA;NA;NA;Max;250;;;;;n.a.;no_access_LK;
Neff and Danforth (1991);1991;North America;USA;woodland grassland;Andrenidae;Macrotera_texana;Female;Female;mark recapture;;Max;190;;;;;Max - diameter of foraging range;yes_pdf;
Nieh and Roubik (1995);1995;Central America;Panama;forest;Apidae;Melipona_panamica;Female;Female;feeder;;Mean;100;;;;;feeder only at 100m;yes_pdf;
Nunes-Silva P., Costa L., Campbell A.J., Arruda H., Contrera F.A.L., Teixeira J.S.G., Gomes R.L.C., Pessin G., Pereira D.S., de Souza P., Imperatriz-Fonseca V.L.;2019;South America;Brazil;urban - forest;Apidae;Melipona_fasciculata;Female;Female;homing;13 or 45 * 13;Mean;2500;;;;;;;
Nunes-Silva P., Costa L., Campbell A.J., Arruda H., Contrera F.A.L., Teixeira J.S.G., Gomes R.L.C., Pessin G., Pereira D.S., de Souza P., Imperatriz-Fonseca V.L.;2019;South America;Brazil;urban - forest;Apidae;Melipona_fasciculata;Female;Female;homing;13 or 45 * 13;Max;10000;;;;;;;
Osborne et al. (1999);1999;Europe;UK;Agriculture;Apidae;Bombus_terrestris;Female;Female;tracking;30;Max;556;;;;;Max range - August;yes_pdf;
Osborne et al. (1999);1999;Europe;UK;Agriculture;Apidae;Bombus_terrestris;Female;Female;tracking;65;Max;631;;;;;Max range - June;yes_pdf;
Osborne et al. (1999);1999;Europe;UK;Agriculture;Apidae;Bombus_terrestris;Female;Female;tracking;30;Mean;201;;18,7;;;Mean max - August;yes_pdf;
Osborne et al. (1999);1999;Europe;UK;Agriculture;Apidae;Bombus_terrestris;Female;Female;tracking;65;Mean;339;;26,2;;;Mean max - June;yes_pdf;
Osborne et al. (2008);2008;Europe;UK;Agriculture;Apidae;Bombus_terrestris;Female;Female;mark recapture;297;Max;1625;;;;;Max distance;yes_pdf;
Osborne J.L., Smith A., Clark S.J., Reynolds D.R., Barron M.C., Lim K.S., Reynolds A.M.;2013;Europe;UK;Agriculture;Apidae;Bombus_terrestris;Female;Female;tracking;28;Median;297,24;;;;;;1st trip;
Osborne J.L., Smith A., Clark S.J., Reynolds D.R., Barron M.C., Lim K.S., Reynolds A.M.;2013;Europe;UK;Agriculture;Apidae;Bombus_terrestris;Female;Female;tracking;28;Median;688,85;;;;;;2nd trip;
Osborne J.L., Smith A., Clark S.J., Reynolds D.R., Barron M.C., Lim K.S., Reynolds A.M.;2013;Europe;UK;Agriculture;Apidae;Bombus_terrestris;Female;Female;tracking;28;Median;690,85;;;;;;3rd trip;
Packer (1970);1970;North America;USA;Agriculture;Megachilidae;Megachile_rotundata;NA;Female;homing;;Max;700;;;;;Thesis - no access;no_access_LK;
Packer (1970);1970;North America;USA;Agriculture;Megachilidae;Megachile_rotundata;NA;Female;homing;;Typical;1400;;;;;Thesis - no access;no_access_LK;
Packer (1970);1970;;;;Megachilidae;Megachile_rotundata;Female;Female;NFA;;Mean;20;;;;;Thesis - no access;no_access_LK;
Packer (1970);1970;;;;Halictidae;Nomia_melanderi;Female;Female;NFA;;Mean;7100;;;;;Thesis - no access;no_access_LK;
Packer (1970);1970;;;;Megachilidae;Megachile_rotundata;Female;Female;pollen mapping;;Mean;1800;;;;;Thesis - no access;no_access_LK;
Packer (1970);1970;;;;Halictidae;Nomia_melanderi;Female;Female;pollen mapping;;Mean;1800;;;;;Thesis - no access;no_access_LK;
Pahl M., Zhu H., Tautz J., Zhang S.;2011;Australia;Australia;mixed;Apidae;Apis_mellifera;Female;Female;homing;20;Max;11000;;;;;;;
Pasquet et al. (2008);2008;Africa;Kenya;Agriculture;Apidae;Xylocopa_flavorufa;Female;Female;homing;22;Max;10000;;;;;Homing distance;yes_pdf;
Pasquet et al. (2008);2008;Africa;Kenya;Agriculture;Apidae;Xylocopa_flavorufa;Female;Female;tracking;28;Max;6040;;;;;Kaskazi many flowers;yes_pdf;
Pasquet et al. (2008);2008;Africa;Kenya;Agriculture;Apidae;Xylocopa_flavorufa;Female;Female;tracking;31;Max;5000;;;;;Kusi sunny;yes_pdf;
Pasquet et al. (2008);2008;Africa;Kenya;Agriculture;Apidae;Xylocopa_flavorufa;Female;Female;tracking;34;Max;2340;;;;;Kaskazi few flowers;yes_pdf;
Pasquet et al. (2008);2008;Africa;Kenya;Agriculture;Apidae;Xylocopa_flavorufa;Female;Female;tracking;41;Max;1390;;;;;Kusi rainy;yes_pdf;
Pasquet et al. (2008);2008;Africa;Kenya;Agriculture;Apidae;Xylocopa_flavorufa;Female;Female;tracking;28;Mean;2092;;;;;Kaskazi many flowers;yes_pdf;
Pasquet et al. (2008);2008;Africa;Kenya;Agriculture;Apidae;Xylocopa_flavorufa;Female;Female;tracking;31;Mean;887;;;;;Kusi sunny;yes_pdf;
Pasquet et al. (2008);2008;Africa;Kenya;Agriculture;Apidae;Xylocopa_flavorufa;Female;Female;tracking;34;Mean;759;;;;;Kaskazi few flowers;yes_pdf;
Pasquet et al. (2008);2008;Africa;Kenya;Agriculture;Apidae;Xylocopa_flavorufa;Female;Female;tracking;41;Mean;585;;;;;Kusi rainy;yes_pdf;
Pasquet R.S., Peltier A., Hufford M.B., Oudin E., Saulnier J., Paul L., Knudsen J.T., Herren H.R., Gepts P.;2008;Africa;Kenya;Agriculture;Apidae;Xylocopa_flavorufa;Female;Female;tracking;134;Max;6040;;;;;;;
Pasquet R.S., Peltier A., Hufford M.B., Oudin E., Saulnier J., Paul L., Knudsen J.T., Herren H.R., Gepts P.;2008;Africa;Kenya;Agriculture;Apidae;Xylocopa_flavorufa;Female;Female;tracking;134;Median;720;;;;;;;
Rao S., Hoffman G., Kirby J., Horne D.;2019;North America;USA;urban;Apidae;Bombus_vosnesenskii;Female;Female;homing;210;Max;16000;;;;;;;
Rao S., Strange J.P.;2012;North America;USA;Agriculture;Apidae;Bombus_vosnesenskii;Female;Female;molecular;4;Mean;2210;;;;;;;
Rao S., Strange J.P.;2012;North America;USA;Agriculture;Apidae;Bombus_vosnesenskii;Female;Female;molecular;4;Mean;4790;;;;;;;
Rau (1929);1929;North America;USA;wooded hills/open fields;Apidae;Anthophora_abrupta;Female;Female;homing;66;Max;12500;;;;;;yes_pdf;
Rau (1929, 1931);1931;North America;USA;wooded hills/open fields;Apidae;Anthophora_abrupta;Female;Female;homing;;Max;2300;;;;;;yes_pdf;
Rau (1929, 1931);1931;North America;USA;wooded hills/open fields;Apidae;Anthophora_abrupta;Female;Female;homing;;Typical;500;;;;;;yes_pdf;
Rau (1929, 1931);1931;North America;USA;wooded hills/open fields;Apidae;Xylocopa_virginica;Female;Female;homing;;Max;13000;;;;;7.75 miles;yes_pdf;
Rau (1929, 1931);1931;North America;USA;wooded hills/open fields;Apidae;Xylocopa_virginica;Female;Female;homing;;Typical;7500;;;;;;yes_pdf;
Redhead J.W., Dreier S., Bourke A.F.G., Heard M.S., Jordan W.C., Sumner S., Wang J., Carvell C.;2016;Europe;UK;Agriculture;Apidae;Bombus_hortorum;Female;Female;molecular;48;Max;810;;;;;;;
Redhead J.W., Dreier S., Bourke A.F.G., Heard M.S., Jordan W.C., Sumner S., Wang J., Carvell C.;2016;Europe;UK;Agriculture;Apidae;Bombus_hortorum;Female;Female;molecular;48;Mean;273;;20,15;;;;;
Redhead J.W., Dreier S., Bourke A.F.G., Heard M.S., Jordan W.C., Sumner S., Wang J., Carvell C.;2016;Europe;UK;Agriculture;Apidae;Bombus_lapidarius;Female;Female;molecular;271;Max;2059;;;;;;;
Redhead J.W., Dreier S., Bourke A.F.G., Heard M.S., Jordan W.C., Sumner S., Wang J., Carvell C.;2016;Europe;UK;Agriculture;Apidae;Bombus_lapidarius;Female;Female;molecular;271;Mean;536;;16,02;;;;;
Redhead J.W., Dreier S., Bourke A.F.G., Heard M.S., Jordan W.C., Sumner S., Wang J., Carvell C.;2016;Europe;UK;Agriculture;Apidae;Bombus_pascuorum;Female;Female;molecular;123;Max;1808;;;;;;;
Redhead J.W., Dreier S., Bourke A.F.G., Heard M.S., Jordan W.C., Sumner S., Wang J., Carvell C.;2016;Europe;UK;Agriculture;Apidae;Bombus_pascuorum;Female;Female;molecular;123;Mean;337;;19,92;;;;;
Redhead J.W., Dreier S., Bourke A.F.G., Heard M.S., Jordan W.C., Sumner S., Wang J., Carvell C.;2016;Europe;UK;Agriculture;Apidae;Bombus_ruderatus;Female;Female;molecular;42;Max;2350;;;;;;;
Redhead J.W., Dreier S., Bourke A.F.G., Heard M.S., Jordan W.C., Sumner S., Wang J., Carvell C.;2016;Europe;UK;Agriculture;Apidae;Bombus_ruderatus;Female;Female;molecular;42;Mean;502;;33,71;;;;;
Redhead J.W., Dreier S., Bourke A.F.G., Heard M.S., Jordan W.C., Sumner S., Wang J., Carvell C.;2016;Europe;UK;Agriculture;Apidae;Bombus_terrestris;Female;Female;molecular;69;Max;2878;;;;;;;
Redhead J.W., Dreier S., Bourke A.F.G., Heard M.S., Jordan W.C., Sumner S., Wang J., Carvell C.;2016;Europe;UK;Agriculture;Apidae;Bombus_terrestris;Female;Female;molecular;69;Mean;551;;39,83;;;;;
Robertson (1966);1966;;;;Megachilidae;Megachile_rotundata;Female;Female;NFA;;Mean;100;;;;;Observed distance - not sure if mean or max;no_access_LK;
Rodrigues F., Ribeiro M.F.;2014;South America;Brazil;natural - savanna;Apidae;Melipona_mandacaia;Female;Female;homing;75;Max;2700;;;;;;;
Roubik (1989);1989;;;;Apidae;Scaptotrigona_luteipennis;Female;Female;pollen mapping;;Mean;1300;;;;;Observed distance - not sure if mean or max;no_access_LK;
Roubik and Aluja (1983);1983;Central America;Panama;forest;Apidae;Cephalotrigona_capitata;Female;Female;homing;167;Max;1547;;;;;;yes_pdf;
Roubik and Aluja (1983);1983;Central America;Panama;forest;Apidae;Melipona_fasciata;Female;Female;homing;228;Max;2085;;;;;;yes_pdf;
Rust (1990);1990;North America;USA;meadow;Megachilidae;Osmia_lignaria;Female;Female;pollen mapping;;Mean;600;;;;;distance between plant populations;yes_pdf;ss propinqua
Saville et al. 1997;1997;Europe;Norway;Agriculture;Apidae;Bombus_lucorum;Female;Female;mark recapture;36;Max;350;;;;;Not sure mean or max - One marked B. lucorum was reobserved in Area 2 five days later, about 350m from the nest;yes_pdf;
Schaffer and Wratten (1994);1994;Australasia;New Zealand;Agriculture;Apidae;Bombus_terrestris;Female;Female;mark recapture;;Max;100;;;;;Fewer than 3% of the bees travelled further than 100m within the crop;yes_pdf;
Schaffer and Wratten (1994);1994;Australasia;New Zealand;Agriculture;Apidae;Bombus_terrestris;Female;Female;nest plant association;;Max;650;;;;;Max distance seen on weeds before crop full-bloom;yes_pdf;
Schmid-Egger et al. (1995);1995;;;;Colletidae;Colletes_hederae;NA;NA;NA;NA;Max;400;;;;;German;no_access_LK;
Schneider and Hall (1997);1997;Central America;Costa Rica;NA;Apidae;Apis_mellifera;Female;Female;waggle dance;NA;Mean;1402;336;;;;Hybrids - pollen;yes_pdf;
Schneider and Hall (1997);1997;Central America;Costa Rica;NA;Apidae;Apis_mellifera;Female;Female;waggle dance;;Mean;1202;82;;;;Hybrids - nectar;yes_pdf;
Schneider and Hall (1997);1997;Central America;Costa Rica;NA;Apidae;Apis_mellifera;Female;Female;waggle dance;;Mean;1085;143;;;;African - pollen;yes_pdf;
Schneider and Hall (1997);1997;Central America;Costa Rica;NA;Apidae;Apis_mellifera;Female;Female;waggle dance;;Mean;1041;38;;;;African - nectar;yes_pdf;
Silva A.G., Pinto R.S., Contrera F.A.L., Albuquerque P.M.C., RÃªgo M.M.C.;2014;South America;Brazil;natural - scrub shrub;Apidae;Melipona_subnitida;Female;Female;feeder;3;Max;1120;40;;;;;;
Silva A.G., Pinto R.S., Contrera F.A.L., Albuquerque P.M.C., RÃªgo M.M.C.;2014;South America;Brazil;natural - scrub shrub;Apidae;Melipona_subnitida;Female;Female;feeder;3;Mean;886,66;61,1;;;;;;
Silva A.G., Pinto R.S., Contrera F.A.L., Albuquerque P.M.C., RÃªgo M.M.C.;2014;South America;Brazil;natural - scrub shrub;Apidae;Melipona_subnitida;Female;Female;homing;150;Max;4000;;;;;;;
Smith J.P., Heard T.A., Beekman M., Gloag R.;2017;Australia;Australia;natural - bushland with agriculture in distance;Apidae;Tetragonula_carbonaria;Female;Female;homing;100;max_50;333;;;;;;;
Smith J.P., Heard T.A., Beekman M., Gloag R.;2017;Australia;Australia;natural - bushland with agriculture in distance;Apidae;Tetragonula_carbonaria;Female;Female;homing;100;Max;700;;;;;;;
Southwick and Buchmann (1995);1995;North America;USA;Agriculture;Apidae;Apis_mellifera;Female;Female;mark recapture;;Max;5300;;;;;;New York;
Southwick and Buchmann (1995);1995;North America;USA;Agriculture;Apidae;Apis_mellifera;Female;Female;mark recapture;;Max;5600;;;;;;Arizona;
Southwick and Buchmann (1995);1995;North America;USA;desert;Apidae;Apis_mellifera;Female;Female;mark recapture;;Max;9200;;;;;;Mountain;
Steffan-Dewenter and Kuhn (2003);2003;Europe;Germany;Agriculture;Apidae;Apis_mellifera;Female;Female;waggle dance;;Max;10037,1;;;;;;;
Steffan-Dewenter and Kuhn (2003);2003;Europe;Germany;Agriculture;Apidae;Apis_mellifera;Female;Female;waggle dance;;Mean;1319;53,2;;;;;MAY - OVERALL;
Steffan-Dewenter and Kuhn (2003);2003;Europe;Germany;Agriculture;Apidae;Apis_mellifera;Female;Female;waggle dance;;Mean;1518,2;51,3;;;;;JULY - OVERALL;
Steffan-Dewenter and Kuhn (2003);2003;Europe;Germany;Agriculture;Apidae;Apis_mellifera;Female;Female;waggle dance;;Mean;1786;96,6;;;;;JUNE - OVERALL;
Tasei and Delaude (1984);1984;;;;Megachilidae;Megachile_rotundata;NA;Female;mark recapture;;Mean;100;;;;;French;no_access_LK;
Tasei and Delaude (1984);1984;;;;Megachilidae;Megachile_rotundata;NA;Female;nest plant association;NA;Max;100;;;;;French;no_access_LK;
Tepedino (1983);1983;North America;USA;Agriculture;Megachilidae;Megachile_rotundata;Female;Female;pollen mapping;;Mean;500;;;;;bees must have flown at least 500m for forage;yes_pdf;
Waddington et al. (1994);1994;North America;USA;urban;Apidae;Apis_mellifera;Female;Female;waggle dance;;Mean;794,51;133,16;;;;FL1_1;yes_pdf;
Waddington et al. (1994);1994;North America;USA;urban;Apidae;Apis_mellifera;Female;Female;waggle dance;;Mean;637,45;127,11;;;;FL1_2;yes_pdf;
Waddington et al. (1994);1994;North America;USA;urban;Apidae;Apis_mellifera;Female;Female;waggle dance;;Mean;643,95;157,42;;;;FL1_3;yes_pdf;
Waddington et al. (1994);1994;North America;USA;urban;Apidae;Apis_mellifera;Female;Female;waggle dance;;Mean;529,19;175,67;;;;FL1_4;yes_pdf;
Waddington et al. (1994);1994;North America;USA;urban;Apidae;Apis_mellifera;Female;Female;waggle dance;;Mean;505,99;114,96;;;;FL2_1;yes_pdf;
Waddington et al. (1994);1994;North America;USA;urban;Apidae;Apis_mellifera;Female;Female;waggle dance;;Mean;803,32;139,27;;;;FL2_2;yes_pdf;
Waddington et al. (1994);1994;North America;USA;urban;Apidae;Apis_mellifera;Female;Female;waggle dance;;Mean;1094,63;175,6;;;;FL2_3;yes_pdf;
Waddington et al. (1994);1994;North America;USA;urban;Apidae;Apis_mellifera;Female;Female;waggle dance;;Mean;804,1;290,85;;;;FL2_4;yes_pdf;
Waddington et al. (1994);1994;North America;USA;urban;Apidae;Apis_mellifera;Female;Female;waggle dance;;Mean;866,84;327,08;;;;CA1_1;yes_pdf;
Waddington et al. (1994);1994;North America;USA;urban;Apidae;Apis_mellifera;Female;Female;waggle dance;;Mean;970,31;266,46;;;;CA1_2;yes_pdf;
Waddington et al. (1994);1994;North America;USA;urban;Apidae;Apis_mellifera;Female;Female;waggle dance;;Mean;861,63;199,86;;;;CA1_3;yes_pdf;
Waddington et al. (1994);1994;North America;USA;urban;Apidae;Apis_mellifera;Female;Female;waggle dance;;Mean;1377,19;284,63;;;;CA1_4;yes_pdf;
Waddington et al. (1994);1994;North America;USA;urban;Apidae;Apis_mellifera;Female;Female;waggle dance;;Mean;1450,44;333,16;;;;CA1_5;yes_pdf;
Waddington et al. (1994);1994;North America;USA;urban;Apidae;Apis_mellifera;Female;Female;waggle dance;;Mean;724,02;193,74;;;;CA2_1;yes_pdf;
Waddington et al. (1994);1994;North America;USA;urban;Apidae;Apis_mellifera;Female;Female;waggle dance;;Mean;609,29;321,06;;;;CA2_2;yes_pdf;
Waddington et al. (1994);1994;North America;USA;urban;Apidae;Apis_mellifera;Female;Female;waggle dance;;Mean;700,63;151,39;;;;CA2_3;yes_pdf;
Waddington et al. (1994);1994;North America;USA;urban;Apidae;Apis_mellifera;Female;Female;waggle dance;;Mean;416,21;96,87;;;;CA2_4;yes_pdf;
Waddington et al. (1994);1994;North America;USA;urban;Apidae;Apis_mellifera;Female;Female;waggle dance;;Mean;404,6;102,84;;;;CA2_5;yes_pdf;
Walther-Hellwig and Frankl (2000);2000;Europe;Germany;Agriculture;Apidae;Bombus_lapidarius;Female;Female;mark recapture;22;Max;1500;;;;;Foraging distance;yes_pdf;
Walther-Hellwig and Frankl (2000);2000;Europe;Germany;Agriculture;Apidae;Bombus_muscorum;Female;Female;mark recapture;13;Max;500;;;;;Foraging distance;yes_pdf;
Walther-Hellwig and Frankl (2000);2000;Europe;Germany;Agriculture;Apidae;Bombus_terrestris;Female;Female;mark recapture;13;Max;1750;;;;;Foraging distance;yes_pdf;
Van Nieuwstadt and Iraheta (1996);1996;Central America;Costa Rica;savannah woodland;Apidae;Nannotrigona_perilampoides;Female;Female;feeder;NA;Max;120;;;;;Fig 2;yes_pdf;
Van Nieuwstadt and Iraheta (1996);1996;Central America;Costa Rica;savannah woodland;Apidae;Partamona_cupira;Female;Female;feeder;NA;Max;520;;;;;Fig 2;yes_pdf;species aff
Van Nieuwstadt and Iraheta (1996);1996;Central America;Costa Rica;savannah woodland;Apidae;Tetragonisca_angustula;Female;Female;feeder;NA;Max;680;;;;;Fig 2;yes_pdf;
Van Nieuwstadt and Iraheta (1996);1996;Central America;Costa Rica;savannah woodland;Apidae;Trigona_corvina;Female;Female;feeder;NA;Max;320;;;;;Fig 2;yes_pdf;
Van Nieuwstadt and Iraheta (1996);1996;Central America;Costa Rica;savannah woodland;Apidae;Nannotrigona_perilampoides;Female;Female;homing;NA;Max;500;;;;;Fig 1 - max distance forager returned;yes_pdf;
Van Nieuwstadt and Iraheta (1996);1996;Central America;Costa Rica;savannah woodland;Apidae;Partamona_cupira;Female;Female;homing;NA;Max;800;;;;;Fig 1 - max distance forager returned;yes_pdf;species aff
Van Nieuwstadt and Iraheta (1996);1996;Central America;Costa Rica;savannah woodland;Apidae;Tetragonisca_angustula;Female;Female;homing;NA;Max;800;;;;;Fig 1 - max distance forager returned;yes_pdf;
Van Nieuwstadt and Iraheta (1996);1996;Central America;Costa Rica;savannah woodland;Apidae;Trigona_corvina;Female;Female;homing;NA;Max;800;;;;;Fig 1 - max distance forager returned;yes_pdf;
Vansell and Todd (1946);1946;;;;Halictidae;Nomia_melanderi;Female;Female;NFA;;Mean;2400;;;;;Observed distance - not sure if mean or max;no_access_LK;
Wesserling (1996);1996;;;;Colletidae;Colletes_cunicularius;NA;NA;NA;NA;Max;350;;;;;n.a.;no_access_LK;
Wesserling (1996) in Gathmann and Tscharntke (2002);1996;;;;Andrenidae;Andrena_barbilabris;NA;NA;NA;;Max;300;;;;;;no_access_LK;
Wesserling (1996) in Gathmann and Tscharntke (2002);1996;;;;Andrenidae;Andrena_flavipes;NA;NA;NA;;Max;300;;;;;;no_access_LK;
Wesserling (1996) in Gathmann and Tscharntke (2002);2002;;;;Andrenidae;Andrena_vaga;NA;NA;NA;;Max;300;;;;;;no_access_LK;
Wesserling (1996) in Gathmann and Tscharntke (2002);2002;;;;Colletidae;Colletes_cunicularius;NA;NA;NA;;Max;400;;;;;;no_access_LK;
Wesserling (1996) in Gathmann and Tscharntke 2002;1996;;;;Megachilidae;Megachile_lapponica;NA;NA;NA;;Max;600;;;;;;no_access_LK;
Wesserling and Tscharntke (1995);1995;;;;Andrenidae;Andrena_barbilabris;NA;Female;homing;NA;Max;500;;;;;Homing distance;no_access_LK;
Wesserling and Tscharntke (1995);1995;;;;Andrenidae;Andrena_flavipes;NA;Female;homing;NA;Max;600;;;;;Homing distance;no_access_LK;
Wesserling and Tscharntke (1995);1995;;;;Andrenidae;Andrena_vaga;NA;Female;homing;NA;Max;600;;;;;Homing distance;no_access_LK;
Wesserling and Tscharntke (1995);1995;;;;Apidae;Eucera_salicariae;NA;Female;homing;NA;Max;400;;;;;Homing distance;no_access_LK;
Westphal C., Steffan-Dewenter I., Tscharntke T.;2006;Europe;Germany;mixed agriculture semi-natural;Apidae;Bombus_lapidarius;Female;Female;nest plant association;1155;Mean;2750;;;;;;;
Westphal C., Steffan-Dewenter I., Tscharntke T.;2006;Europe;Germany;mixed agriculture semi-natural;Apidae;Bombus_pascuorum;Female;Female;nest plant association;242;Mean;1000;;;;;;;
Westphal C., Steffan-Dewenter I., Tscharntke T.;2006;Europe;Germany;mixed agriculture semi-natural;Apidae;Bombus_pratorum;Female;Female;nest plant association;52;Mean;250;;;;;;;
Westphal C., Steffan-Dewenter I., Tscharntke T.;2006;Europe;Germany;mixed agriculture semi-natural;Apidae;Bombus_terrestris;Female;Female;nest plant association;1874;Mean;3000;;;;;;;
Vicens and Bosch (2000);2000;Europe;Spain;Agriculture;Megachilidae;Osmia_cornuta;Female;Female;homing;;Max;2200;;;;;;;
Wikelski M., Moxley J., Eaton-Mordas A., LÃ³pez-Uribe M.M., Holland R., Moskowitz D., Roubik D.W., Kays R.;2010;Central America;Panama;;Apidae;Exaerete frontalis;Male;Male;tracking;7;Mean;1516;340;;;;;;
Wille & Orozco 1970;1984;Central America;Costa Rica;pasture/rainforest;Halictidae;Lasioglossum_umbripenne;Female;Female;homing;;Max;200;;;;;Source is wrong: corrected - was listed as Batra 1984;yes_pdf;
Wille & Orozco 1970;1984;Central America;Costa Rica;pasture/rainforest;Halictidae;Lasioglossum_umbripenne;Female;Female;homing;;Typical;100;;;;;Source is wrong: corrected - was listed as Batra 1984;yes_pdf;
Wille (1976);1976;;;;Apidae;Melipona_fuligonosa;Female;Female;homing;;Max;2000;;;;;Spanish;checked_IB;
Wille (1976);1976;;;;Apidae;Trigona_corvina;Female;Female;NA;;NA;600;;;;;From Kerr 1959;no_access_LK;
Wille (1976);1976;;;;Apidae;Trigona_trinidadensis;Female;Female;NA;;NA;800;;;;;From Kerr 1959;no_access_LK;
Visscher and Seeley (1982);1982;North America;USA;forest;Apidae;Apis_mellifera;Female;Female;waggle dance;NA;Max;10100;;;;;;yes_pdf;
Visscher and Seeley (1982);1982;North America;USA;forest;Apidae;Apis_mellifera;Female;Female;waggle dance;36;Mean;2260;1890;;;;pooled est - has per day estimates also but not all days reported;yes_pdf;
Witt (1992) in Gathmann and Tscharntke (2002);1996;Europe;Germany;NA;Andrenidae;Andrena_barbilabris;NA;NA;NA;;Max;500;;;;;;check source;
Wolf and Moritz (2008);2008;Europe;Germany;Agriculture;Apidae;Bombus_terrestris;Female;Female;mark recapture;126;Max;800;;;;;;yes_pdf;
Wolf and Moritz (2008);2008;Europe;Germany;Agriculture;Apidae;Bombus_terrestris;Female;Female;mark recapture;126;Mean;267,2;180,3;;;;;yes_pdf;
von Frisch (1967);1967;;;;Apidae;Apis_mellifera;Female;Female;waggle dance;NA;Max;13500;;;;;Foraging distance;no_access_LK;
Zurbuchen 2010;2010;Europe;Switzerland;Agriculture;Megachilidae;Chelostoma_rapunculi;Female;Female;nest plant association;35;Max;1275;;;;;Foraging distance;yes_pdf;
Zurbuchen 2010;2010;Europe;Switzerland;Agriculture;Megachilidae;Hoplitis_adunca;Female;Female;nest plant association;39;Max;1400;;;;;Foraging distance;yes_pdf;
Zurbuchen 2010;2010;Europe;Switzerland;Agriculture;Colletidae;Hylaeus_punctulatissimus;Female;Female;nest plant association;85;Max;1100;;;;;Foraging distance;yes_pdf;
Zurbuchen 2010b;2010;Europe;Switzerland;Agriculture;Megachilidae;Chelostoma_florisomne;Female;Female;mark recapture;18;Max;650;;;;;Foraging distance;yes_pdf;
Cildomar 2020;2020;South America;Brazil;Mixed;Apidae;Melipona_grandis;Female;Female;homing;390;Max;2740;;;;;;yes_pdf;
Costa 2021;2021;South America;Brazil;Forest;Apidae;Melipona_seminigra;Female;Female;homing;810;Max;5000;;;;;Exp3_C1;yes_pdf;
Costa 2021;2021;South America;Brazil;Forest;Apidae;Melipona_seminigra;Female;Female;homing;810;Max;4000;;;;;Exp3_C2;yes_pdf;
Costa 2021;2021;South America;Brazil;Forest;Apidae;Melipona_seminigra;Female;Female;homing;810;Max;2000;;;;;Exp3_C3;yes_pdf;
Cavigliasso 2020;2020;South America;Argentina;Agriculture;Apidae;Bombus_pauloensis;Female_Queen;Female_Queen;tracking;7;Max;813,82;421,77;;;;before_nest_establishment;yes_pdf;
Cavigliasso 2020;2020;South America;Argentina;Agriculture;Apidae;Bombus_pauloensis;Female_Queen;Female_Queen;tracking;10;Max;522,71;350,25;;;;after_nest_establishment;yes_pdf;