Authors;CHECK;Year;Region;Country;Habitat;Family;Genus_species;Sex;Sex_Imp;Metric2;Metric;N;distance_type2;distance_type;Distance;SD;SE;CI_95;Notes1;Notes2;Notes3
Abrol (1986);Y_Z;1986;;;;Megachilidae;Megachile_femorata;NA;Female;homing;homing;10;Max;Max;500;;;;Homing distance;no_access_LK;
Abrol (1988);Y_Z;1988;;;;Apidae;Apis_florea;NA;Female;mark recapture;mark recapture;;Max;Max;500;;;;Foraging distance;no_access_LK;
Abrol (1988);Y_GSM;1988;Asia;India;Agriculture;Megachilidae;Megachile_flavipes;NA;Female;homing;homing;20;Max;Max;800;;;;Homing distance;no_access_LK;
Abrol (1988);Y_GSM;1988;Asia;India;Agriculture;Megachilidae;Megachile_flavipes;NA;Female;homing;homing;;Typical;Typical;500;;;;;no_access_LK;
Abrol (1988);Y_GSM;1988;;;;Megachilidae;Megachile_flavipes;Female;Female;associative;NFA;;Observed;Observed;700;;;;Observed distance - not sure if mean or max;no_access_LK;
Abrol (1988);Y_GSM;1988;Asia;India;Agriculture;Megachilidae;Megachile_nana;NA;Female;homing;homing;;Max;Max;600;;;;;no_access_LK;
Abrol (1988);Y_GSM;1988;Asia;India;Agriculture;Megachilidae;Megachile_nana;NA;Female;homing;homing;;Typical;Typical;400;;;;;no_access_LK;
Abrol (1988);Y_GSM;1988;;;;Megachilidae;Megachile_nana;Female;Female;associative;NFA;;Observed;Observed;800;;;;Observed distance - not sure if mean or max;no_access_LK;
Amand et al. (2000);Y;2000;North America;USA;Agriculture;Megachilidae;Megachile_rotundata;Female;Female;associative;pollen mapping;;Max;Max;1000;;;;Foraging distance;yes_pdf;assumed rotundata as alfalfa'
Appanah (1979) in Appanah (1982);Y;1979;Asia;Malaysia;rainforest;Apidae;Heterotrigona_erythrogastra;Female;Female;associative;NPA;;Max;Max;1100;;;;Although recent studies reveal T. eythrogastra to forage up to 1100 m to some Elaeis palms outside the forest (Appanah, 1979b);yes_pdf;
Araujo et al. (2004);Y;2004;Central America;Panama;forest;Apidae;Cephalotrigona_capitata;Female;Female;mark recapture;mark recapture;;Max;Max;1650;;;;Source: Roubik & Aluja (1983) - Mean provided by Greenleaf;Check source;
Araujo et al. (2004);Y;2004;South America;Brazil;NA;Apidae;Melipona_fasciculata;Female;Female;mark recapture;mark recapture;;Max;Max;2470;;;;Source: Kerr (1987);Check source;
Araujo et al. (2004);Y;2004;South America;NA;NA;Apidae;Melipona_marginata;Female;Female;mark recapture;mark recapture;;Max;Max;800;;;;Source: Wille (1983);Check source;
Araujo et al. (2004);Y;2004;South America;Brazil;NA;Apidae;Melipona_quadrifasciata;Female;Female;mark recapture;mark recapture;;Max;Max;2000;;;;Source: Kerr (1987);Check source;
Araujo et al. (2004);Y;2004;South America;Brazil;NA;Apidae;Plebeia_droryana;Female;Female;mark recapture;mark recapture;;Max;Max;540;;;;Source: Kerr (1987);Check source;
Araujo et al. (2004);Y;2004;South America;Brazil;NA;Apidae;Trigona_spinipes;Female;Female;mark recapture;mark recapture;;Max;Max;840;;;;Source: Kerr (1987);Check source;
Bacon et al. (1965);;1965;;;;Megachilidae;Megachile_rotundata;Female;Female;mark recapture;mark recapture;;Observed;Observed;200;;;;Observed distance - not sure if mean or max;no_access_LK;
Bansch S., Tscharntke T., Ratnieks F.L.W., HÃ¤rtel S., Westphal C.;Y;2020;Europe;Germany;Agriculture;Apidae;Apis_mellifera;Female;Female;waggle dance;waggle dance;784;Max;Max;7783;;;;;;
Bansch S., Tscharntke T., Ratnieks F.L.W., HÃ¤rtel S., Westphal C.;Y;2020;Europe;Germany;Agriculture;Apidae;Apis_mellifera;Female;Female;waggle dance;waggle dance;784;Typical;Mean;740;;26;;;;
Beekman and Ratnieks (2000);Y;2000;Europe;UK;moor;Apidae;Apis_mellifera;Female;Female;waggle dance;waggle dance;444;Max;Max;14500;;;;August_96;yes_pdf;
Beekman and Ratnieks (2000);Y;2000;Europe;UK;moor;Apidae;Apis_mellifera;Female;Female;waggle dance;waggle dance;456;Max;Max;8500;;;;May_97;yes_pdf;
Beekman and Ratnieks (2000);Y;2000;Europe;UK;moor;Apidae;Apis_mellifera;Female;Female;waggle dance;waggle dance;444;Typical;Mean;5500;;;;August_96;yes_pdf;
Beekman and Ratnieks (2000);Y;2000;Europe;UK;moor;Apidae;Apis_mellifera;Female;Female;waggle dance;waggle dance;456;Typical;Mean;1000;;;;May_97;yes_pdf;
Beekman et al. (2004);Y;2004;Europe;UK;urban;Apidae;Apis_mellifera;Female;Female;waggle dance;waggle dance;93;Typical;Mean;3010;;;;;L2 AUG;
Beekman et al. (2004);Y;2004;Europe;UK;urban;Apidae;Apis_mellifera;Female;Female;waggle dance;waggle dance;119;Typical;Mean;2630;;;;;L1 AUG;
Beekman et al. (2004);Y;2004;Europe;UK;urban;Apidae;Apis_mellifera;Female;Female;waggle dance;waggle dance;40;Typical;Mean;1970;;;;;S2 AUG;
Beekman et al. (2004);Y;2004;Europe;UK;urban;Apidae;Apis_mellifera;Female;Female;waggle dance;waggle dance;36;Typical;Mean;1020;;;;;S1 AUG;
Beekman et al. (2004);Y;2004;Europe;UK;urban;Apidae;Apis_mellifera;Female;Female;waggle dance;waggle dance;40;Typical;Mean;680;;;;;S2 JULY;
Beekman et al. (2004);Y;2004;Europe;UK;urban;Apidae;Apis_mellifera;Female;Female;waggle dance;waggle dance;36;Typical;Mean;670;;;;;S1 JULY;
Beekman et al. (2004);Y;2004;Europe;UK;urban;Apidae;Apis_mellifera;Female;Female;waggle dance;waggle dance;119;Typical;Mean;620;;;;;L1 JULY;
Beekman et al. (2004);Y;2004;Europe;UK;urban;Apidae;Apis_mellifera;Female;Female;waggle dance;waggle dance;93;Typical;Mean;620;;;;;L2 JULY;
Beil M., Horn H., Schwabe A.;Y;2008;Europe;Germany;natural - nature reserve;Andrenidae;Andrena_dorsata;Female;Female;associative;pollen mapping;1;Observed;Minimum;650;;;;;;
Beil M., Horn H., Schwabe A.;Y;2008;Europe;Germany;natural - nature reserve;Andrenidae;Andrena_flavipes;Female;Female;associative;pollen mapping;3;Observed;Minimum;800;303,1088913;;;;;
Beil M., Horn H., Schwabe A.;Y;2008;Europe;Germany;natural - nature reserve;Andrenidae;Andrena_pilipes;Female;Female;associative;pollen mapping;1;Observed;Minimum;1250;;;;;species agg;
Beil M., Horn H., Schwabe A.;Y;2008;Europe;Germany;natural - nature reserve;Halictidae;Lasioglossum_calceatum;Female;Female;associative;pollen mapping;4;Observed;Minimum;545;383,5361782;;;;;
Beil M., Horn H., Schwabe A.;Y;2008;Europe;Germany;natural - nature reserve;Halictidae;Lasioglossum_fulvicorne;Female;Female;associative;pollen mapping;1;Observed;Minimum;1250;;;;;;
Bennet et al. (2018);Y;2018;Australasia;New Zealand;urban;Halictidae;Lasioglossum_sordidum;Female;Female;associative;nest plant association;;Observed;Minimum;156,81;;;;;Site 2 - Mean minimum to host plants;
Bennet et al. (2018);Y;2018;Australasia;New Zealand;urban;Halictidae;Lasioglossum_sordidum;Female;Female;associative;nest plant association;;Observed;Minimum;115,5;;;;;Site 1 -Mean minimum to host plants;
Bohart and Nye (1956);Y;1956;NA;NA;NA;Halictidae;Nomia_melanderi;Female;Female;NA;NA;;Max;Max;11265;;;;"""forage as far as seven miles""";yes_pdf;
C. O’Toole (personal communication 7/14/04);;2004;;;;Andrenidae;Andrena_flavipes;Female;Female;associative;pollen mapping;;Observed;Observed;500;;;;Observed distance - not sure if mean or max;NA;
C. O’Toole (personal communication 7/14/04);;2004;;;;Apidae;Anthophora_fulvitarsis;Female;Female;associative;pollen mapping;;Observed;Observed;1000;;;;Observed distance - not sure if mean or max;NA;
C. O’Toole (personal communication 7/14/04);;2004;;;;Apidae;Bombus_terrestris;Female;Female;associative;pollen mapping;;Observed;Observed;2800;;;;Observed distance - not sure if mean or max;NA;
C. O’Toole (personal communication 7/14/04);;2004;;;;Halictidae;Lasioglossum_malachurum;Female;Female;associative;nest plant association;;Observed;Observed;500;;;;Observed distance - not sure if mean or max;NA;
C. O’Toole (personal communication 7/14/04);;2004;;;;Halictidae;Lasioglossum_pauxillum;Female;Female;associative;nest plant association;;Observed;Observed;480;;;;Observed distance - not sure if mean or max;NA;
C. O’Toole (personal communication 7/14/04);;2004;;;;Apidae;Xylocopa_rufa;Female;Female;associative;nest plant association;;Observed;Observed;1000;;;;Observed distance - not sure if mean or max;NA;
Campbell A.J., Gomes R.L.C., da Silva K.C., Contrera F.A.L.;Y;2019;South America;Brazil;tropical rainforest/urban;Apidae;Scaptotrigona_postica;Female;Female;homing;homing;1407;Max;Max;860;;;27;max_90;Interestingly present the Greenleaf estimate and then their own results;species aff
Campbell A.J., Gomes R.L.C., da Silva K.C., Contrera F.A.L.;Y;2019;South America;Brazil;tropical rainforest/urban;Apidae;Scaptotrigona_postica;Female;Female;homing;homing;1407;Typical;Mean;392;;;17;max_50;max_90 refers to the range at which 90% return, and max_50 at which 50% return;species aff
Carvell C., Jordan W.C., Bourke A.F.G., Pickles R., Redhead J.W., Heard M.S.;Y;2012;Europe;England;Agriculture;Apidae;Bombus_lapidarius;Female;Female;molecular;molecular;66;Max;Max;1579;;;;;;centroid
Carvell C., Jordan W.C., Bourke A.F.G., Pickles R., Redhead J.W., Heard M.S.;Y;2012;Europe;England;Agriculture;Apidae;Bombus_lapidarius;Female;Female;molecular;molecular;66;Typical;Mean;755;;44,2;;;;centroid
Carvell C., Jordan W.C., Bourke A.F.G., Pickles R., Redhead J.W., Heard M.S.;Y;2012;Europe;England;Agriculture;Apidae;Bombus_pascuorum;Female;Female;molecular;molecular;45;Max;Max;1597;;;;;;centroid
Carvell C., Jordan W.C., Bourke A.F.G., Pickles R., Redhead J.W., Heard M.S.;Y;2012;Europe;England;Agriculture;Apidae;Bombus_pascuorum;Female;Female;molecular;molecular;45;Typical;Mean;775;;65,6;;;;centroid
Cavigliasso 2020;Y;2020;South America;Argentina;Agriculture;Apidae;Bombus_pauloensis;Female_Queen;Female_Queen;tracking;tracking;7;Max;Max;813,82;421,77;;;before_nest_establishment;yes_pdf;
Cavigliasso 2020;Y;2020;South America;Argentina;Agriculture;Apidae;Bombus_pauloensis;Female_Queen;Female_Queen;tracking;tracking;10;Max;Max;522,71;350,25;;;after_nest_establishment;yes_pdf;
Chapman et al. (2003);Y;2003;Europe;UK;urban;Apidae;Bombus_pascuorum;Female;Female;molecular;molecular;96;Max;Max;3200;;;;Max max;yes_pdf;nest density area relationship
Chapman et al. (2003);Y;2003;Europe;UK;urban;Apidae;Bombus_pascuorum;Female;Female;molecular;molecular;96;Typical;Median;2300;;;;Max median;yes_pdf;nest density area relationship
Chapman et al. (2003);Y;2003;Europe;UK;urban;Apidae;Bombus_pascuorum;Female;Female;molecular;molecular;96;Max;Max;720;;;;Min max;yes_pdf;nest density area relationship
Chapman et al. (2003);Y;2003;Europe;UK;urban;Apidae;Bombus_pascuorum;Female;Female;molecular;molecular;96;Typical;Median;510;;;;Min median - only range provided;yes_pdf;nest density area relationship
Chapman et al. (2003);Y;2003;Europe;UK;urban;Apidae;Bombus_terrestris;Female;Female;molecular;molecular;66;Max;Max;3900;;;;Max max;yes_pdf;nest density area relationship
Chapman et al. (2003);Y;2003;Europe;UK;urban;Apidae;Bombus_terrestris;Female;Female;molecular;molecular;66;Typical;Median;2800;;;;Max median;yes_pdf;nest density area relationship
Chapman et al. (2003);Y;2003;Europe;UK;urban;Apidae;Bombus_terrestris;Female;Female;molecular;molecular;66;Max;Max;870;;;;Min max;yes_pdf;nest density area relationship
Chapman et al. (2003);Y;2003;Europe;UK;urban;Apidae;Bombus_terrestris;Female;Female;molecular;molecular;66;Typical;Median;620;;;;Min median;yes_pdf;nest density area relationship
Charman T.G., Sears J., Green R.E., Bourke A.F.G.;Y;2010;Europe;Scotland;natural;Apidae;Bombus_distinguendus;Female;Female;mark recapture;mark recapture;;Max;Max;770;;;;;;
Charman T.G., Sears J., Green R.E., Bourke A.F.G.;Y;2010;Europe;Scotland;natural;Apidae;Bombus_distinguendus;Female;Female;molecular;molecular;;Max;Max;955;;;;max_95;;nest density equation
Charman T.G., Sears J., Green R.E., Bourke A.F.G.;Y;2010;Europe;Scotland;natural;Apidae;Bombus_distinguendus;Female;Female;molecular;molecular;;Typical;Mode;391;;;;;;nest density equation
Chmurzynski et al. (1998);Y;1998;Europe;Poland;forest;Melittidae;Dasypoda_hirtipes;Female;Female;homing;homing;30;Max;Max;4000;;;;Verified in text;yes_pdf;
Chmurzynski et al. (1998);Y;1998;Europe;Poland;forest;Melittidae;Dasypoda_hirtipes;Female;Female;homing;homing;30;Typical;Mean;1700;;;;Greenleaf - logistic regression;yes_pdf;
Cildomar 2020;Y;2020;South America;Brazil;Mixed;Apidae;Melipona_grandis;Female;Female;homing;homing;390;Max;Max;2740;;;;;yes_pdf;
Connop S., Hill T., Steer J., Shaw P.;Y;2011;Europe;England;Seminatural;Apidae;Bombus_humilis;Female;Female;molecular;molecular;55;Max;Max;2530;;;;;;centroid
Connop S., Hill T., Steer J., Shaw P.;Y;2011;Europe;England;Seminatural;Apidae;Bombus_humilis;Female;Female;molecular;molecular;55;Typical;Mean;475;;;;;;centroid
Connop S., Hill T., Steer J., Shaw P.;Y;2011;Europe;England;Seminatural;Apidae;Bombus_sylvarum;Female;Female;molecular;molecular;94;Max;Max;2280;;;;;;centroid
Connop S., Hill T., Steer J., Shaw P.;Y;2011;Europe;England;Seminatural;Apidae;Bombus_sylvarum;Female;Female;molecular;molecular;94;Typical;Mean;231;;;;;;centroid
Costa 2021;Y;2021;South America;Brazil;Forest;Apidae;Melipona_seminigra;Female;Female;homing;homing;810;Max;Max;5000;;;;Exp3_C1;yes_pdf;
Costa 2021;Y;2021;South America;Brazil;Forest;Apidae;Melipona_seminigra;Female;Female;homing;homing;810;Max;Max;4000;;;;Exp3_C2;yes_pdf;
Costa 2021;Y;2021;South America;Brazil;Forest;Apidae;Melipona_seminigra;Female;Female;homing;homing;810;Max;Max;2000;;;;Exp3_C3;yes_pdf;
Costa 2021;Y;2021;South America;Brazil;Forest;Apidae;Melipona_seminigra;Female;Female;homing;homing;;Typical;Mean;1000;;;;50% return rate;;
Couvillon M.J., Riddell Pearce F.C., Accleton C., Fensome K.A., Quah S.K.L., Taylor E.L., Ratnieks F.L.W.;Y;2015;Europe;England;mixed use;Apidae;Apis_mellifera;Female;Female;waggle dance;waggle dance;4562;Typical;Mean;1408;;;;;nectar foragers;
Couvillon M.J., Riddell Pearce F.C., Accleton C., Fensome K.A., Quah S.K.L., Taylor E.L., Ratnieks F.L.W.;Y;2015;Europe;England;mixed use;Apidae;Apis_mellifera;Female;Female;waggle dance;waggle dance;922;Typical;Mean;1074;;;;;pollen foragers;
Crowther L.P., Wright D.J., Richardson D.S., Carvell C., Bourke A.F.G.;N;2019;Europe;England;mixed use;Apidae;Bombus_hypnorum;Female;Female;molecular;molecular;62;Max;Max;601;;;;;;centroid
Crowther L.P., Wright D.J., Richardson D.S., Carvell C., Bourke A.F.G.;N;2019;Europe;England;mixed use;Apidae;Bombus_hypnorum;Female;Female;molecular;molecular;62;Typical;Mean;103,6;;;;;;centroid
Danner N., Keller A., HÃ¤rtel S., Steffan-Dewenter I.;Y;2017;Europe;Germany;Agriculture;Apidae;Apis_mellifera;Female;Female;waggle dance;waggle dance;82;Typical;Mean;1659,73;1258,272499;;;;Pleichfeld;
Danner N., Keller A., HÃ¤rtel S., Steffan-Dewenter I.;Y;2017;Europe;Germany;Agriculture;Apidae;Apis_mellifera;Female;Female;waggle dance;waggle dance;116;Typical;Mean;1482,65;662,9721163;;;;Biebelried;
Danner N., Keller A., HÃ¤rtel S., Steffan-Dewenter I.;Y;2017;Europe;Germany;Agriculture;Apidae;Apis_mellifera;Female;Female;waggle dance;waggle dance;84;Typical;Mean;1347,97;1572,388543;;;;Retzstadt;
Danner N., Keller A., HÃ¤rtel S., Steffan-Dewenter I.;Y;2017;Europe;Germany;Agriculture;Apidae;Apis_mellifera;Female;Female;waggle dance;waggle dance;71;Typical;Mean;1293,71;1023,838781;;;;Karsbach;
Danner N., Keller A., HÃ¤rtel S., Steffan-Dewenter I.;Y;2017;Europe;Germany;Agriculture;Apidae;Apis_mellifera;Female;Female;waggle dance;waggle dance;89;Typical;Mean;1153,71;1044,57134;;;;Estenfeld;
Danner N., Keller A., HÃ¤rtel S., Steffan-Dewenter I.;Y;2017;Europe;Germany;Agriculture;Apidae;Apis_mellifera;Female;Female;waggle dance;waggle dance;95;Typical;Mean;1106,26;960,1508432;;;;Gambach;
Danner N., Keller A., HÃ¤rtel S., Steffan-Dewenter I.;Y;2017;Europe;Germany;Agriculture;Apidae;Apis_mellifera;Female;Female;waggle dance;waggle dance;70;Typical;Mean;1070,67;1034,44118;;;;Erlabrunn;
Danner N., Keller A., HÃ¤rtel S., Steffan-Dewenter I.;Y;2017;Europe;Germany;Agriculture;Apidae;Apis_mellifera;Female;Female;waggle dance;waggle dance;61;Typical;Mean;1052,99;1112,555145;;;;Winterhausen;
Danner N., Keller A., HÃ¤rtel S., Steffan-Dewenter I.;Y;2017;Europe;Germany;Agriculture;Apidae;Apis_mellifera;Female;Female;waggle dance;waggle dance;81;Typical;Mean;1045,64;658,8490708;;;;Euerfeld;
Danner N., Keller A., HÃ¤rtel S., Steffan-Dewenter I.;Y;2017;Europe;Germany;Agriculture;Apidae;Apis_mellifera;Female;Female;waggle dance;waggle dance;101;Typical;Mean;995,04;876,8563393;;;;Obersfeld;
Danner N., Keller A., HÃ¤rtel S., Steffan-Dewenter I.;Y;2017;Europe;Germany;Agriculture;Apidae;Apis_mellifera;Female;Female;waggle dance;waggle dance;46;Typical;Mean;901,78;597,6192999;;;;Duttenbrunn;
Danner N., Keller A., HÃ¤rtel S., Steffan-Dewenter I.;Y;2017;Europe;Germany;Agriculture;Apidae;Apis_mellifera;Female;Female;waggle dance;waggle dance;72;Typical;Mean;827,6;733,7546873;;;;Gerbrunn;
Danner N., Keller A., HÃ¤rtel S., Steffan-Dewenter I.;Y;2017;Europe;Germany;Agriculture;Apidae;Apis_mellifera;Female;Female;waggle dance;waggle dance;115;Typical;Mean;773,23;768,8977966;;;;Greussenheim;
Danner N., Keller A., HÃ¤rtel S., Steffan-Dewenter I.;Y;2017;Europe;Germany;Agriculture;Apidae;Apis_mellifera;Female;Female;waggle dance;waggle dance;86;Typical;Mean;590,15;407,9168889;;;;Birkenfeld;
Danner N., Keller A., HÃ¤rtel S., Steffan-Dewenter I.;Y;2017;Europe;Germany;Agriculture;Apidae;Apis_mellifera;Female;Female;waggle dance;waggle dance;61;Typical;Mean;521,68;910,283899;;;;Marktbreit;
Danner N., Keller A., HÃ¤rtel S., Steffan-Dewenter I.;Y;2017;Europe;Germany;Agriculture;Apidae;Apis_mellifera;Female;Female;waggle dance;waggle dance;116;Typical;Mean;426,34;304,2470442;;;;Waldbrunn;
Danner N., Molitor A.M., Schiele S., HÃ¤rtel S., Steffan-Dewenter I.;Y;2016;Europe;Germany;Agriculture;Apidae;Apis_mellifera;Female;Female;waggle dance;waggle dance;1347;Typical;Mean;1015;;26;;;;DISCUSSION: this study is specifically across different landscape types
Darvill et al. (2004);Y;2004;Europe;UK;agriculture woodland urban;Apidae;Bombus_pascuorum;Female;Female;molecular;molecular;237;Max;Max;5000;;;;Sister-pair at 10km - max distance tested;yes_pdf;sister pair divided by 2
Darvill et al. (2004);Y;2004;Europe;UK;agriculture woodland urban;Apidae;Bombus_pascuorum;Female;Female;molecular;molecular;237;Typical;Mean;312,5;;;;;yes_pdf;
Darvill et al. (2004);Y;2004;Europe;UK;agriculture woodland urban;Apidae;Bombus_terrestris;Female;Female;molecular;molecular;97;Max;Max;3750;;;;Sister-pair at 7.5km - authors argue they forage at reduced distances - as above;yes_pdf;sister pair divided by 2
Darvill et al. (2004);Y;2004;Europe;UK;agriculture woodland urban;Apidae;Bombus_terrestris;Female;Female;molecular;molecular;97;Typical;Mean;625;;;;;yes_pdf;
Desjardins and De Oliveir (2006);Y;2006;North America;Canada;Agriculture;Apidae;Bombus_impatiens;Female;Female;associative;nest plant association;;Max;Max;400;;;;;;
Dhaliwal and Sharma (1973);N;1973;Asia;India;Agriculture;Apidae;Apis_cerana;Female;Female;associative;nest plant association;;Max;Max;1100;;;;;Barberry;
Dhaliwal and Sharma (1973);N;1973;Asia;India;Agriculture;Apidae;Apis_cerana;Female;Female;associative;nest plant association;;Max;Max;900;;;;;Cauliflower;
dos Santos C.F., Imperatriz-Fonseca V.L., Arias M.C.;N;2016;South America;Brazil;;Apidae;Tetragonisca_angustula;Male;Male;molecular;molecular;Not sure - 33 nests;Max;Max;1677;;;;;Dispersal distance;
dos Santos C.F., Imperatriz-Fonseca V.L., Arias M.C.;N;2016;South America;Brazil;;Apidae;Tetragonisca_angustula;Male;Male;molecular;molecular;Not sure - 33 nests;Typical;Mean;612;434;;;;Dispersal distance;
Dyer and Seeley (1991);Y;1991;Asia;Thailand;Tropical rainforest;Apidae;Apis_cerana;Female;Female;waggle dance;waggle dance;;Max;Max;1900;400;;;Max = mean maximum;yes_pdf;
Dyer and Seeley (1991);Y;1991;Asia;Thailand;Tropical rainforest;Apidae;Apis_cerana;Female;Female;waggle dance;waggle dance;;Typical;Mean;195;;;;50%;yes_pdf;
Dyer and Seeley (1991);Y;1991;Asia;Thailand;Tropical rainforest;Apidae;Apis_dorsata;Female;Female;waggle dance;waggle dance;;Max;Max;12000;6100;;;Max = mean maximum;yes_pdf;
Dyer and Seeley (1991);Y;1991;Asia;Thailand;Tropical rainforest;Apidae;Apis_dorsata;Female;Female;waggle dance;waggle dance;;Typical;Mean;863;;;;50%;yes_pdf;
Dyer and Seeley (1991);Y;1991;Asia;Thailand;Tropical rainforest;Apidae;Apis_florea;Female;Female;waggle dance;waggle dance;;Max;Max;11200;2500;;;Max = mean maximum;yes_pdf;
Dyer and Seeley (1991);Y;1991;Asia;Thailand;Tropical rainforest;Apidae;Apis_florea;Female;Female;waggle dance;waggle dance;;Typical;Mean;268;;;;Taken empirical data, not data from other sources (see additional references). Mean = 50%;yes_pdf;
Dyer and Seeley (1991);Y;1991;Asia;Thailand;Tropical rainforest;Apidae;Apis_mellifera;Female;Female;waggle dance;waggle dance;;Max;Max;7900;900;;;Max = mean maximum;yes_pdf;
Dyer and Seeley (1991);Y;1991;Asia;Thailand;Tropical rainforest;Apidae;Apis_mellifera;Female;Female;waggle dance;waggle dance;;Typical;Mean;1650;;;;50%;yes_pdf;
Esser (2005);Y;2005;Europe;Germany;NA;Colletidae;Colletes_daviesanus;Female;Female;mark recapture;mark recapture;74;Max;Max;2225;;;;Can only find abstract - thesis;yes_pdf;
Fabre (1914);Y;1914;Europe;France;NA;Megachilidae;Megachile_parietina;Female;Female;homing;homing;;Observed;NA;4000;;;;2.5 miles = 4km;yes_pdf;
Fabre (1914);Y;1914;Europe;France;NA;Megachilidae;Megachile_sicula;Female;Female;homing;homing;;Observed;NA;4000;;;;2.5 miles = 4km;yes_pdf;
Franzen et al. (2009);Y;2009;Europe;Sweden;Mixed agriculture/wild;Andrenidae;Andrena_hattorfiana;Female;Female;mark recapture;mark recapture;171;Max;Max;130;;;;Arontorp;yes_pdf;
Franzen et al. (2009);Y;2009;Europe;Sweden;Mixed agriculture/wild;Andrenidae;Andrena_hattorfiana;Female;Female;mark recapture;mark recapture;80;Max;Max;83;;;;Smaland;yes_pdf;
Franzen et al. (2009);Y;2009;Europe;Sweden;Mixed agriculture/wild;Andrenidae;Andrena_hattorfiana;Female;Female;mark recapture;mark recapture;171;Typical;Median;76;;;;Arontorp;yes_pdf;
Franzen et al. (2009);Y;2009;Europe;Sweden;Mixed agriculture/wild;Andrenidae;Andrena_hattorfiana;Female;Female;mark recapture;mark recapture;80;Typical;Median;52;;;;Smaland;yes_pdf;
Franzen et al. (2009);Y;2009;Europe;Sweden;Mixed agriculture/wild;Andrenidae;Andrena_hattorfiana;Female;Female;mark recapture;mark recapture;;Typical;Median;131;;;;between patch;;
Garbuzov M., Scharch R., Ratnieks F.L.W.;Y;2015;Europe;UK;urban;Apidae;Apis_mellifera;Female;Female;waggle dance;waggle dance;209;Typical;Mean;1229;;;175;;July;
Garbuzov M., Scharch R., Ratnieks F.L.W.;Y;2015;Europe;UK;urban;Apidae;Apis_mellifera;Female;Female;waggle dance;waggle dance;50;Typical;Mean;846;;;235;;October;
Garbuzov M., Scharch R., Ratnieks F.L.W.;Y;2015;Europe;UK;urban;Apidae;Apis_mellifera;Female;Female;waggle dance;waggle dance;95;Typical;Mean;685;;;96;;September;
Garbuzov M., Scharch R., Ratnieks F.L.W.;Y;2015;Europe;UK;urban;Apidae;Apis_mellifera;Female;Female;waggle dance;waggle dance;116;Typical;Mean;670;;;110;;June;
Garbuzov M., Scharch R., Ratnieks F.L.W.;Y;2015;Europe;UK;urban;Apidae;Apis_mellifera;Female;Female;waggle dance;waggle dance;166;Typical;Mean;589;;;64;;August;
Garbuzov M., Scharch R., Ratnieks F.L.W.;Y;2015;Europe;UK;urban;Apidae;Apis_mellifera;Female;Female;waggle dance;waggle dance;61;Typical;Mean;518;;;86;;April;
Garbuzov M., Scharch R., Ratnieks F.L.W.;Y;2015;Europe;UK;urban;Apidae;Apis_mellifera;Female;Female;waggle dance;waggle dance;234;Typical;Mean;461;;;41;;May;
Gary 1972B;Y;1972;North America;USA;Agriculture;Apidae;Apis_mellifera;Female;Female;mark recapture;mark recapture;;Max;Max;6117;;;;;carrot;
Gary 1972B;Y;1972;North America;USA;Agriculture;Apidae;Apis_mellifera;Female;Female;mark recapture;mark recapture;;Max;Max;4346;;;;;mixed;
Gary 1972B;Y;1972;North America;USA;Agriculture;Apidae;Apis_mellifera;Female;Female;mark recapture;mark recapture;559;Typical;Mean;1663;;;;;carrot;
Gary 1972B;Y;1972;North America;USA;Agriculture;Apidae;Apis_mellifera;Female;Female;mark recapture;mark recapture;37;Typical;Mean;1186;;;;;morning glory;
Gary 1972B;Y;1972;North America;USA;Agriculture;Apidae;Apis_mellifera;Female;Female;mark recapture;mark recapture;59;Typical;Mean;705;;;;;yellow star thistle;
Gary 1972B;Y;1972;North America;USA;Agriculture;Apidae;Apis_mellifera;Female;Female;mark recapture;mark recapture;580;Typical;Mean;557;;;;;onions;
Gathmann and Tscharntke (2002);Y;1998;Europe;Germany;Agriculture;Andrenidae;Andrena_barbilabris;Female;Female;homing;homing;36;Max;Max;530;;;;90%;yes_pdf;
Gathmann and Tscharntke (2002);Y;1998;Europe;Germany;Agriculture;Andrenidae;Andrena_barbilabris;Female;Female;homing;homing;36;Typical;Median;120;;;;50%;yes_pdf;
Gathmann and Tscharntke (2002);Y;1998;Europe;Germany;Agriculture;Andrenidae;Andrena_flavipes;Female;Female;homing;homing;36;Max;Max;415;;;;90%;yes_pdf;
Gathmann and Tscharntke (2002);Y;1998;Europe;Germany;Agriculture;Andrenidae;Andrena_flavipes;Female;Female;homing;homing;36;Typical;Median;150;;;;50%;yes_pdf;
Gathmann and Tscharntke (2002);Y;1998;Europe;Germany;Agriculture;Andrenidae;Andrena_vaga;Female;Female;homing;homing;42;Max;Max;510;;;;90%;yes_pdf;
Gathmann and Tscharntke (2002);Y;1998;Europe;Germany;Agriculture;Andrenidae;Andrena_vaga;Female;Female;homing;homing;42;Typical;Median;260;;;;50%;yes_pdf;
Gathmann and Tscharntke (2002);Y;1998;Europe;Germany;Agriculture;Apidae;Eucera_salicariae;Female;Female;homing;homing;40;Max;Max;400;;;;90% (Data from Molitor 1936/37);yes_pdf;
Gathmann and Tscharntke (2002);Y;1998;Europe;Germany;Agriculture;Apidae;Eucera_salicariae;Female;Female;homing;homing;40;Typical;Median;185;;;;50% (Data from Molitor 1936/37);yes_pdf;
Gathmann and Tscharntke (2002);Y;1998;Europe;Germany;Agriculture;Megachilidae;Osmia_bicornis;Female;Female;homing;homing;27;Max;Max;900;;;;90%;yes_pdf;
Gathmann and Tscharntke (2002);Y;1998;Europe;Germany;Agriculture;Megachilidae;Osmia_bicornis;Female;Female;homing;homing;27;Typical;Median;500;;;;50%;yes_pdf;
Gebhardt and Rohr (1987) in Gathmann and Tscharntke (2002);Y;1987;;;;Andrenidae;Andrena_cineraria;NA;Female;associative;host plant association;;Max;Max;300;;;;Foraging distance;no_access_LK;
Gebhardt and Rohr (1987) in Gathmann and Tscharntke (2002);Y;1987;;;;Andrenidae;Andrena_clarkella;NA;Female;associative;host plant association;;Max;Max;300;;;;Foraging distance;no_access_LK;
Geib J.C., Strange J.P., Galen A.;Y;2015;North America;USA;subalpine;Apidae;Bombus_balteatus;Female;Female;molecular;molecular;15;Max;Max;270,5;;;;;sister distance divided by 2;
Geib J.C., Strange J.P., Galen A.;Y;2015;North America;USA;subalpine;Apidae;Bombus_balteatus;Female;Female;molecular;molecular;15;Typical;Mean;85,4;;15;;;;
Geib J.C., Strange J.P., Galen A.;Y;2015;North America;USA;subalpine;Apidae;Bombus_bifarius;Female;Female;molecular;molecular;8;Max;Max;270,5;;;;;sister distance divided by 2;
Geib J.C., Strange J.P., Galen A.;Y;2015;North America;USA;subalpine;Apidae;Bombus_bifarius;Female;Female;molecular;molecular;8;Typical;Mean;110,25;;41,7;;;;
Geib J.C., Strange J.P., Galen A.;Y;2015;North America;USA;subalpine;Apidae;Bombus_flavifrons;Female;Female;molecular;molecular;30;Max;Max;252,5;;;;;sister distance divided by 2;
Geib J.C., Strange J.P., Galen A.;Y;2015;North America;USA;subalpine;Apidae;Bombus_flavifrons;Female;Female;molecular;molecular;30;Typical;Mean;23,8;;10,1;;;;
Geib J.C., Strange J.P., Galen A.;Y;2015;North America;USA;subalpine;Apidae;Bombus_sylvicola;Female;Female;molecular;molecular;5;Max;Max;340,5;;;;;sister distance divided by 2;
Geib J.C., Strange J.P., Galen A.;Y;2015;North America;USA;subalpine;Apidae;Bombus_sylvicola;Female;Female;molecular;molecular;5;Typical;Mean;74,7;;56,3;;;;
Goulson and Stout (2001);Y;2001;Europe;UK;urban;Apidae;Bombus_terrestris;Female;Female;homing;homing;56;Max;Max;9800;;;;n = recapture number;yes_pdf;
Goulson and Stout (2001);Y;2001;Europe;UK;urban;Apidae;Bombus_terrestris;Female;Female;homing;homing;56;Typical;Mean;1250;;;;;yes_pdf;
Guedot C., Bosch J., Kemp W.P.;Y;2009;North America;USA;Agriculture;Megachilidae;Osmia_lignaria;Female;Female;homing;homing;30;Max;Max;1200;;;;;;
Haeseler (1982) in Gathmann and Tscharntke (2002);N;1982;;;;Megachilidae;Osmia_maritima;NA;NA;NA;NA;;Max;Max;150;;;;n.a. - german;no_access_LK;
Hagen M., Wikelski M., Kissling W.D.;Y;2011;Europe;Germany;mixed rural;Apidae;Bombus_hortorum;Female_Queen;Female_Queen;tracking;tracking;3;Max;Max;1316;;;;;;
Hagen M., Wikelski M., Kissling W.D.;Y;2011;Europe;Germany;mixed rural;Apidae;Bombus_ruderatus;Female;Female;tracking;tracking;1;Max;Max;1943;;;;;;
Hagen M., Wikelski M., Kissling W.D.;Y;2011;Europe;Germany;mixed rural;Apidae;Bombus_terrestris;Female;Female;tracking;tracking;4;Max;Max;2535;;;;;;
Hagler J.R., Mueller S., Teuber L.R., MacHtley S.A., Van Deynze A.;Y;2011;North America;USA;Agriculture;Apidae;Apis_mellifera;Female;Female;mark recapture;mark recapture;991;Max;Max;5983;;;;;2007;
Hagler J.R., Mueller S., Teuber L.R., MacHtley S.A., Van Deynze A.;Y;2011;North America;USA;Agriculture;Apidae;Apis_mellifera;Female;Female;mark recapture;mark recapture;991;Typical;Mean;864,9;919;;;;2007;
Hagler J.R., Mueller S., Teuber L.R., MacHtley S.A., Van Deynze A.;Y;2011;North America;USA;Agriculture;Apidae;Apis_mellifera;Female;Female;mark recapture;mark recapture;614;Typical;Mean;738,1;732;;;;2006;
Hembach (1993);Y_Z;1993;;;;Megachilidae;Hoplitis_adunca;NA;Female;associative;host plant association;;Max;Max;180;;;;Foraging distance - german;no_access_LK;
Herrmann (1999);Y_Z;1999;;;;Megachilidae;Chelostoma_florisomne;NA;Female;homing;homing;6;Max;Max;2000;;;;Homing distance - german;no_access_LK;
Hofmann et al (2020);Y;2020;Europe;Germany;urban;Megachilidae;Chelostoma_florisomne;Female;Female;mark recapture;mark recapture;;Max;Max;174;;;;;;
Hofmann et al (2020);Y;2020;Europe;Germany;urban;Megachilidae;Chelostoma_florisomne;Female;Female;mark recapture;mark recapture;;Typical;Mean;82;58,7;;;;;
Hofmann et al (2020);Y;2020;Europe;Germany;urban;Megachilidae;Chelostoma_rapunculi;Female;Female;mark recapture;mark recapture;;Max;Max;178;;;;;;
Hofmann et al (2020);Y;2020;Europe;Germany;urban;Megachilidae;Chelostoma_rapunculi;Male;Male;mark recapture;mark recapture;;Max;Max;119;;;;;;
Hofmann et al (2020);Y;2020;Europe;Germany;urban;Megachilidae;Chelostoma_rapunculi;Female;Female;mark recapture;mark recapture;;Typical;Mean;104;45,2;;;;;
Hofmann et al (2020);Y;2020;Europe;Germany;urban;Megachilidae;Chelostoma_rapunculi;Male;Male;mark recapture;mark recapture;;Typical;Mean;59;34,5;;;;;
Hofmann et al (2020);Y;2020;Europe;Germany;urban;Megachilidae;Heriades_truncorum;Female;Female;mark recapture;mark recapture;;Max;Max;298;;;;;;
Hofmann et al (2020);Y;2020;Europe;Germany;urban;Megachilidae;Heriades_truncorum;Female;Female;mark recapture;mark recapture;;Typical;Mean;73;62,6;;;;;
Hofmann et al (2020);Y;2020;Europe;Germany;urban;Megachilidae;Hoplitis_adunca;Female;Female;mark recapture;mark recapture;;Max;Max;287;;;;;;
Hofmann et al (2020);Y;2020;Europe;Germany;urban;Megachilidae;Hoplitis_adunca;Female;Female;mark recapture;mark recapture;;Typical;Mean;112;77,3;;;;;
Hofmann et al (2020);Y;2020;Europe;Germany;urban;Megachilidae;Osmia_bicornis;Female;Female;mark recapture;mark recapture;;Max;Max;250;;;;;;
Hofmann et al (2020);Y;2020;Europe;Germany;urban;Megachilidae;Osmia_bicornis;Male;Male;mark recapture;mark recapture;;Max;Max;151;;;;;;
Hofmann et al (2020);Y;2020;Europe;Germany;urban;Megachilidae;Osmia_bicornis;Female;Female;mark recapture;mark recapture;;Typical;Mean;121;44,6;;;;;
Hofmann et al (2020);Y;2020;Europe;Germany;urban;Megachilidae;Osmia_bicornis;Male;Male;mark recapture;mark recapture;;Typical;Mean;100;40,3;;;;;
Hofmann et al (2020);Y;2020;Europe;Germany;urban;Megachilidae;Osmia_cornuta;Female;Female;mark recapture;mark recapture;;Max;Max;724;;;;;;
Hofmann et al (2020);Y;2020;Europe;Germany;urban;Megachilidae;Osmia_cornuta;Female;Female;mark recapture;mark recapture;;Max;Max;226;;;;;;
Hofmann et al (2020);Y;2020;Europe;Germany;urban;Megachilidae;Osmia_cornuta;Male;Male;mark recapture;mark recapture;;Max;Max;225;;;;;;
Hofmann et al (2020);Y;2020;Europe;Germany;urban;Megachilidae;Osmia_cornuta;Male;Male;mark recapture;mark recapture;;Max;Max;215;;;;;;
Hofmann et al (2020);Y;2020;Europe;Germany;urban;Megachilidae;Osmia_cornuta;Female;Female;mark recapture;mark recapture;;Typical;Mean;107;67,9;;;;;
Hofmann et al (2020);Y;2020;Europe;Germany;urban;Megachilidae;Osmia_cornuta;Female;Female;mark recapture;mark recapture;;Typical;Mean;106;107,5;;;;;
Hofmann et al (2020);Y;2020;Europe;Germany;urban;Megachilidae;Osmia_cornuta;Male;Male;mark recapture;mark recapture;;Typical;Mean;96;39;;;;;
Hofmann et al (2020);Y;2020;Europe;Germany;urban;Megachilidae;Osmia_cornuta;Male;Male;mark recapture;mark recapture;;Typical;Mean;77;52,5;;;;;
Jaffe et al. (2016);Y;2016;South America;Brazil;Agriculture;Apidae;Trigona_spinipes;Female;Female;molecular;molecular;6;Max;Max;4350;;;;sister-pair divided by 2;;
Jaffe et al. (2016);Y;2016;South America;Brazil;Agriculture;Apidae;Trigona_spinipes;Female;Female;molecular;molecular;6;Typical;Mean;871;;;;sister-pair divided by 2;;
Janzen (1971);Y;1971;Central America;Costa Rica;lowland rainforest;Apidae;Eufriesea_surinamensis;Female;Female;homing;homing;;Max;Max;23000;;;;;yes_pdf;
Jha S., Kremen C.;Y;2013;North America;USA;Seminatural;Apidae;Bombus_vosnesenskii;Female;Female;molecular;molecular;60;Max;Max;2783;;;;;;
Kapyla (1978);Y_GSM;1978;;;;Megachilidae;Chelostoma_florisomne;Female;Female;mark recapture;mark recapture;;Observed;Observed;300;;;;Observed distance - not sure if mean or max;no_access_LK;
Kapyla (1978);Y_GSM;1978;;;;Megachilidae;Chelostoma_florisomne;Male;Male;mark recapture;mark recapture;;Observed;Observed;100;;;;Observed distance - not sure if mean or max;no_access_LK;
Kawamura (1954) in Kitamura (1969);Y_GSM;1954;Asia;Japan;Agriculture;Megachilidae;Osmia_pedicornis;NA;Female;homing;homing;;Max;Max;700;;;;;;
Kitamura (1969);Y_GSM;1969;Asia;Japan;Agriculture;Megachilidae;Osmia_cornifrons;NA;Female;homing;homing;;Max;Max;800;;;;;no_access_LK;
Kitamura (1969);Y_GSM;1969;Asia;Japan;Agriculture;Megachilidae;Osmia_cornifrons;NA;Female;homing;homing;;Typical;Typical;600;;;;;no_access_LK;
Kitamura (1969);Y_GSM;1969;Asia;Japan;Agriculture;Megachilidae;Osmia_pedicornis;NA;Female;homing;homing;;Max;Max;500;;;;;;
Knight et al. (2005);Y;2005;Europe;UK;Agriculture;Apidae;Bombus_lapidarius;Female;Female;molecular;molecular;379;Max;Max;1250;;;;Maximum - largest distance with sister pair;yes_pdf;
Knight et al. (2005);Y;2005;Europe;UK;Agriculture;Apidae;Bombus_lapidarius;Female;Female;molecular;molecular;379;Typical;Mean;450;;;;"""Minimum maximum""";yes_pdf;
Knight et al. (2005);Y;2005;Europe;UK;Agriculture;Apidae;Bombus_pascuorum;Female;Female;molecular;molecular;184;Max;Max;1500;;;;Maximum - largest distance with sister pair;yes_pdf;
Knight et al. (2005);Y;2005;Europe;UK;Agriculture;Apidae;Bombus_pascuorum;Female;Female;molecular;molecular;184;Typical;Mean;449;;;;"""Minimum maximum""";yes_pdf;
Knight et al. (2005);Y;2005;Europe;UK;Agriculture;Apidae;Bombus_pratorum;Female;Female;molecular;molecular;203;Max;Max;1500;;;;Maximum - largest distance with sister pair;yes_pdf;
Knight et al. (2005);Y;2005;Europe;UK;Agriculture;Apidae;Bombus_pratorum;Female;Female;molecular;molecular;203;Typical;Mean;674;;;;"""Minimum maximum""";yes_pdf;
Knight et al. (2005);Y;2005;Europe;UK;Agriculture;Apidae;Bombus_terrestris;Female;Female;molecular;molecular;203;Max;Max;1500;;;;Maximum - largest distance with sister pair;yes_pdf;
Knight et al. (2005);Y;2005;Europe;UK;Agriculture;Apidae;Bombus_terrestris;Female;Female;molecular;molecular;203;Typical;Mean;758;;;;"""Minimum maximum""";yes_pdf;
Kohl P.L., Thulasi N., Rutschmann B., George E.A., Steffan-Dewenter I., Brockmann A.;Y;2020;Asia;India;urban;Apidae;Apis_cerana;Female;Female;waggle dance;waggle dance;75;Max;Max;975,36;;;;;;
Kohl P.L., Thulasi N., Rutschmann B., George E.A., Steffan-Dewenter I., Brockmann A.;Y;2020;Asia;India;urban;Apidae;Apis_cerana;Female;Female;waggle dance;waggle dance;92;Max;Max;755,81;;;;;;
Kohl P.L., Thulasi N., Rutschmann B., George E.A., Steffan-Dewenter I., Brockmann A.;Y;2020;Asia;India;urban;Apidae;Apis_cerana;Female;Female;waggle dance;waggle dance;110;Max;Max;430,84;;;;;;
Kohl P.L., Thulasi N., Rutschmann B., George E.A., Steffan-Dewenter I., Brockmann A.;Y;2020;Asia;India;urban;Apidae;Apis_cerana;Female;Female;waggle dance;waggle dance;75;Typical;Mean;313,72;267,087894;;;;;
Kohl P.L., Thulasi N., Rutschmann B., George E.A., Steffan-Dewenter I., Brockmann A.;Y;2020;Asia;India;urban;Apidae;Apis_cerana;Female;Female;waggle dance;waggle dance;123;Max;Max;296,65;;;;;;
Kohl P.L., Thulasi N., Rutschmann B., George E.A., Steffan-Dewenter I., Brockmann A.;Y;2020;Asia;India;urban;Apidae;Apis_cerana;Female;Female;waggle dance;waggle dance;92;Typical;Mean;128,98;134,486706;;;;;
Kohl P.L., Thulasi N., Rutschmann B., George E.A., Steffan-Dewenter I., Brockmann A.;Y;2020;Asia;India;urban;Apidae;Apis_cerana;Female;Female;waggle dance;waggle dance;110;Typical;Mean;100,7;74,8710229;;;;;
Kohl P.L., Thulasi N., Rutschmann B., George E.A., Steffan-Dewenter I., Brockmann A.;Y;2020;Asia;India;urban;Apidae;Apis_cerana;Female;Female;waggle dance;waggle dance;123;Typical;Mean;94,57;68,6859877;;;;;
Kohl P.L., Thulasi N., Rutschmann B., George E.A., Steffan-Dewenter I., Brockmann A.;Y;2020;Asia;India;urban;Apidae;Apis_dorsata;Female;Female;waggle dance;waggle dance;135;Max;Max;2909,02;;;;;;
Kohl P.L., Thulasi N., Rutschmann B., George E.A., Steffan-Dewenter I., Brockmann A.;Y;2020;Asia;India;urban;Apidae;Apis_dorsata;Female;Female;waggle dance;waggle dance;109;Max;Max;1423,94;;;;;;
Kohl P.L., Thulasi N., Rutschmann B., George E.A., Steffan-Dewenter I., Brockmann A.;Y;2020;Asia;India;urban;Apidae;Apis_dorsata;Female;Female;waggle dance;waggle dance;60;Max;Max;792,63;;;;;;
Kohl P.L., Thulasi N., Rutschmann B., George E.A., Steffan-Dewenter I., Brockmann A.;Y;2020;Asia;India;urban;Apidae;Apis_dorsata;Female;Female;waggle dance;waggle dance;135;Typical;Mean;566,15;781,717234;;;;;
Kohl P.L., Thulasi N., Rutschmann B., George E.A., Steffan-Dewenter I., Brockmann A.;Y;2020;Asia;India;urban;Apidae;Apis_dorsata;Female;Female;waggle dance;waggle dance;69;Max;Max;388,34;;;;;;
Kohl P.L., Thulasi N., Rutschmann B., George E.A., Steffan-Dewenter I., Brockmann A.;Y;2020;Asia;India;urban;Apidae;Apis_dorsata;Female;Female;waggle dance;waggle dance;109;Typical;Mean;315,1;249,74465;;;;;
Kohl P.L., Thulasi N., Rutschmann B., George E.A., Steffan-Dewenter I., Brockmann A.;Y;2020;Asia;India;urban;Apidae;Apis_dorsata;Female;Female;waggle dance;waggle dance;60;Typical;Mean;240,96;160,819809;;;;;
Kohl P.L., Thulasi N., Rutschmann B., George E.A., Steffan-Dewenter I., Brockmann A.;Y;2020;Asia;India;urban;Apidae;Apis_dorsata;Female;Female;waggle dance;waggle dance;69;Typical;Mean;204,87;77,4212409;;;;;
Kohl P.L., Thulasi N., Rutschmann B., George E.A., Steffan-Dewenter I., Brockmann A.;Y;2020;Asia;India;urban;Apidae;Apis_florea;Female;Female;waggle dance;waggle dance;83;Max;Max;2566,5;;;;;;
Kohl P.L., Thulasi N., Rutschmann B., George E.A., Steffan-Dewenter I., Brockmann A.;Y;2020;Asia;India;urban;Apidae;Apis_florea;Female;Female;waggle dance;waggle dance;40;Max;Max;2113,43;;;;;;
Kohl P.L., Thulasi N., Rutschmann B., George E.A., Steffan-Dewenter I., Brockmann A.;Y;2020;Asia;India;urban;Apidae;Apis_florea;Female;Female;waggle dance;waggle dance;113;Max;Max;1311,45;;;;;;
Kohl P.L., Thulasi N., Rutschmann B., George E.A., Steffan-Dewenter I., Brockmann A.;Y;2020;Asia;India;urban;Apidae;Apis_florea;Female;Female;waggle dance;waggle dance;136;Max;Max;870,37;;;;;;
Kohl P.L., Thulasi N., Rutschmann B., George E.A., Steffan-Dewenter I., Brockmann A.;Y;2020;Asia;India;urban;Apidae;Apis_florea;Female;Female;waggle dance;waggle dance;113;Typical;Mean;339,89;249,29232;;;;;
Kohl P.L., Thulasi N., Rutschmann B., George E.A., Steffan-Dewenter I., Brockmann A.;Y;2020;Asia;India;urban;Apidae;Apis_florea;Female;Female;waggle dance;waggle dance;40;Typical;Mean;286,7;406,365377;;;;;
Kohl P.L., Thulasi N., Rutschmann B., George E.A., Steffan-Dewenter I., Brockmann A.;Y;2020;Asia;India;urban;Apidae;Apis_florea;Female;Female;waggle dance;waggle dance;83;Typical;Mean;180,06;401,42818;;;;;
Kohl P.L., Thulasi N., Rutschmann B., George E.A., Steffan-Dewenter I., Brockmann A.;Y;2020;Asia;India;urban;Apidae;Apis_florea;Female;Female;waggle dance;waggle dance;136;Typical;Mean;137,7;155,251053;;;;;
Kraus et al. (2009);N;2009;Europe;Germany;urban;Apidae;Bombus_terrestris;Male;Male;Density of worker- and/or drone-producing colonies;Density of worker- and/or drone-producing colonies;;Max;Max;9900;;;;Male flight distance;yes_pdf;
Kraus et al. (2009);N;2009;Europe;Germany;urban;Apidae;Bombus_terrestris;Male;Male;Density of worker- and/or drone-producing colonies;Density of worker- and/or drone-producing colonies;;Max;Max;2600;;;;Male flight distance - conservative;yes_pdf;
Kreyer et al. (2004);Y;2004;Europe;Germany;forest grassland;Apidae;Bombus_pascuorum;Female;Female;associative;nest plant association;;Max;Max;800;;;;;;
Kreyer et al. (2004);Y;2004;Europe;Germany;forest grassland;Apidae;Bombus_terrestris;Female;Female;associative;nest plant association;;Max;Max;2200;;;;;;
Kuhn-Neto et al. (2009);Y;2009;South America;Brazil;Agriculture;Apidae;Melipona_mandacaia;Female;Female;feeder;feeder;;Max;Max;2100;;;;Large foragers - colony 1;yes_pdf;
Kuhn-Neto et al. (2009);Y;2009;South America;Brazil;Agriculture;Apidae;Melipona_mandacaia;Female;Female;feeder;feeder;;Max;Max;1840;;;;Small foragers - colony 2;yes_pdf;
Kuhn-Neto et al. (2009);Y;2009;South America;Brazil;Agriculture;Apidae;Melipona_mandacaia;Female;Female;feeder;feeder;;Max;Max;1560;;;;Small foragers - colony 3;yes_pdf;
Kuhn-Neto et al. (2009);Y;2009;South America;Brazil;Agriculture;Apidae;Melipona_mandacaia;Female;Female;feeder;feeder;;Typical;Mean;1000;;;;Large foragers - colony 1;yes_pdf;
Kuhn-Neto et al. (2009);Y;2009;South America;Brazil;Agriculture;Apidae;Melipona_mandacaia;Female;Female;feeder;feeder;;Typical;Mean;600;;;;Small foragers - colony 3;yes_pdf;
Kuhn-Neto et al. (2009);Y;2009;South America;Brazil;Agriculture;Apidae;Melipona_mandacaia;Female;Female;feeder;feeder;;Typical;Mean;500;;;;Small foragers - colony 2;yes_pdf;
Lepais O., Darvill B., O'Connor S., Osborne J.L., Sanderson R.A., Cussans J., Goffe L., Goulson D.;Y;2010;Europe;UK;Agriculture;Apidae;Bombus_lapidarius;Female_Queen;Female_Queen;molecular;molecular;9;Typical;Median;1820,4;;;;dispersal distance;;
Lepais O., Darvill B., O'Connor S., Osborne J.L., Sanderson R.A., Cussans J., Goffe L., Goulson D.;Y;2010;Europe;UK;Agriculture;Apidae;Bombus_pascuorum;Female_Queen;Female_Queen;molecular;molecular;177;Typical;Median;1265;;;;dispersal distance;;
Linsley and McSwain (1942);Y;1942;North America;USA;NA;Apidae;Anthophora_linsleyi;Female;Female;associative;pollen mapping;;Observed;Observed;1600;;;;The females… a factor which necessitated a flight of more than a mile from the nesting region;yes_pdf;
Makinson J.C., Woodgate J.L., Reynolds A., Capaldi E.A., Perry C.J., Chittka L.;Y;2019;Europe;UK;Agriculture;Apidae;Bombus_terrestris;Female_Queen;Female_Queen;tracking;tracking;20;Max;Max;600;;;;dispersal distance;;
Menke (1954);N;1954;;;;Halictidae;Nomia_melanderi;Female;Female;associative;NFA;;Observed;Observed;1600;;;;Observed distance - not sure if mean or max;no_access_LK;
Michener (1974);Y_GSM;1974;;;;Apidae;Apis_cerana;Female;Female;feeder;feeder;;Max;Max;800;;;;;no_access_LK;ss indica
Michener (1974);Y_GSM;1974;;;;Apidae;Apis_mellifera;Female;Female;feeder;feeder;;Max;Max;12000;;;;;no_access_LK;
Michener (1974);Y_GSM;1974;;;;Apidae;Apis_mellifera;Female;Female;feeder;feeder;;Max;Max;2800;;;;;no_access_LK;ss adansonii
Michener (1974);Y_GSM;1974;;;;Apidae;Apis_mellifera;Female;Female;feeder;feeder;;Max;Max;2500;;;;;no_access_LK;ss  mellifera
Michener (1974);Y_GSM;1974;;;;Apidae;Tetragonula_iridipennis;Female;Female;feeder;feeder;;Max;Max;100;;;;;no_access_LK;
Michener (1974);Y_GSM;1974;;;;Apidae;Plebeia_mosquito;Female;Female;feeder;feeder;;Max;Max;500;;;;;no_access_LK;
Michener (1974);Y_GSM;1974;;;;Apidae;Trigona_amalthea;Female;Female;feeder;feeder;;Max;Max;1000;;;;;no_access_LK;
Michener (1974);Y_GSM;1974;;;;Apidae;Trigona_spinipes;Female;Female;feeder;feeder;;Max;Max;800;;;;;no_access_LK;
Mola J.M., Miller M.R., O'Rourke S.M., Williams N.M.;Y;2020;North America;USA;montane;Apidae;Bombus_vancouverensis;Female;Female;molecular;molecular;39;Max;Max;726;;;;;"in my study B. vancouverensis is ""B. bifarius"" but it has since been split";
Mola J.M., Miller M.R., O'Rourke S.M., Williams N.M.;Y;2020;North America;USA;montane;Apidae;Bombus_vancouverensis;Female;Female;molecular;molecular;39;Typical;Mean;95,8;103;;;;"in my study B. vancouverensis is ""B. bifarius"" but it has since been split";
Mola J.M., Miller M.R., O'Rourke S.M., Williams N.M.;Y;2020;North America;USA;montane;Apidae;Bombus_vosnesenskii;Female;Female;molecular;molecular;66;Max;Max;3709;;;;;;
Mola J.M., Miller M.R., O'Rourke S.M., Williams N.M.;Y;2020;North America;USA;montane;Apidae;Bombus_vosnesenskii;Female;Female;molecular;molecular;66;Typical;Mean;448;546;;;;;
Molitor (1937);Y_GSM;1937;;;;Megachilidae;Hoplitis_anthocopoides;Female;Female;homing;homing;;Max;Max;150;;;;Homing distance;no_access_LK;
Molitor (1937);Y_Z;1937;;;;Megachilidae;Rhodanthidium_septemdentatum;Female;Female;homing;homing;;Max;Max;1200;;;;Homing distance;no_access_LK;
Molitor (1937) in Gathmann and Tscharntke (2002);Y;1937;;;;Megachilidae;Osmia_mustelina;Female;Female;NA;NA;;Max;Max;1000;;;;;no_access_LK;
Molitor (1937) in Gathmann and Tscharntke (2002);Y;2002;;;;Apidae;Xylocopa_violacea;Female;Female;NA;NA;;Max;Max;1200;;;;;no_access_LK;
Munster-Swendsen (1968);Y;1968;;;;Andrenidae;Panurgus_banksianus;Female;Female;associative;nest plant association;;Max;Max;250;;;;Observed distance - not sure if mean or max;no_access_LK;
Neff and Danforth (1991);Y;1991;North America;USA;woodland grassland;Andrenidae;Macrotera_texana;Female;Female;mark recapture;mark recapture;;Max;Max;190;;;;Max - diameter of foraging range;yes_pdf;
Nunes-Silva P., Costa L., Campbell A.J., Arruda H., Contrera F.A.L., Teixeira J.S.G., Gomes R.L.C., Pessin G., Pereira D.S., de Souza P., Imperatriz-Fonseca V.L.;Y;2019;South America;Brazil;urban - forest;Apidae;Melipona_fasciculata;Female;Female;homing;homing;13 or 45 * 13;Max;Max;10000;;;;;;
Nunes-Silva P., Costa L., Campbell A.J., Arruda H., Contrera F.A.L., Teixeira J.S.G., Gomes R.L.C., Pessin G., Pereira D.S., de Souza P., Imperatriz-Fonseca V.L.;Y;2019;South America;Brazil;urban - forest;Apidae;Melipona_fasciculata;Female;Female;homing;homing;13 or 45 * 13;Typical;Mean;2100;;;;;;
Osborne et al. (1999);Y;1999;Europe;UK;Agriculture;Apidae;Bombus_terrestris;Female;Female;tracking;tracking;65;Max;Max;631;;;;Max range - June;yes_pdf;
Osborne et al. (1999);Y;1999;Europe;UK;Agriculture;Apidae;Bombus_terrestris;Female;Female;tracking;tracking;30;Max;Max;556;;;;Max range - August;yes_pdf;
Osborne et al. (1999);Y;1999;Europe;UK;Agriculture;Apidae;Bombus_terrestris;Female;Female;tracking;tracking;65;Typical;Mean;339;;26,2;;Mean max - June;yes_pdf;
Osborne et al. (1999);Y;1999;Europe;UK;Agriculture;Apidae;Bombus_terrestris;Female;Female;tracking;tracking;30;Typical;Mean;201;;18,7;;Mean max - August;yes_pdf;
Osborne et al. (2008);Y;2008;Europe;UK;Agriculture;Apidae;Bombus_terrestris;Female;Female;mark recapture;mark recapture;297;Max;Max;1625;;;;Max distance;yes_pdf;
Osborne J.L., Smith A., Clark S.J., Reynolds D.R., Barron M.C., Lim K.S., Reynolds A.M.;Y;2013;Europe;UK;Agriculture;Apidae;Bombus_terrestris;Female;Female;tracking;tracking;28;Typical;Median;690,85;;;;;3rd trip;
Osborne J.L., Smith A., Clark S.J., Reynolds D.R., Barron M.C., Lim K.S., Reynolds A.M.;Y;2013;Europe;UK;Agriculture;Apidae;Bombus_terrestris;Female;Female;tracking;tracking;28;Typical;Median;688,85;;;;;2nd trip;
Osborne J.L., Smith A., Clark S.J., Reynolds D.R., Barron M.C., Lim K.S., Reynolds A.M.;Y;2013;Europe;UK;Agriculture;Apidae;Bombus_terrestris;Female;Female;tracking;tracking;28;Typical;Median;297,24;;;;;1st trip;
Packer (1970);Y;1970;;;;Megachilidae;Megachile_rotundata;Female;Female;associative;pollen mapping;;Observed;Observed;1800;;;;Thesis - no access;no_access_LK;
Packer (1970);Y;1970;North America;USA;Agriculture;Megachilidae;Megachile_rotundata;NA;Female;homing;homing;;Typical;Typical;400;;;;Thesis - no access;no_access_LK;
Packer (1970);Y;1970;North America;USA;Agriculture;Megachilidae;Megachile_rotundata;NA;Female;homing;homing;;Max;Max;700;;;;Thesis - no access;no_access_LK;
Packer (1970);Y;1970;;;;Halictidae;Nomia_melanderi;Female;Female;associative;NFA;;Observed;Observed;7100;;;;Thesis - no access;no_access_LK;
Packer (1970);Y;1970;;;;Halictidae;Nomia_melanderi;Female;Female;associative;pollen mapping;;Observed;Observed;1800;;;;Thesis - no access;no_access_LK;
Pahl M., Zhu H., Tautz J., Zhang S.;Y;2011;Australia;Australia;mixed;Apidae;Apis_mellifera;Female;Female;homing;homing;122;Max;Max;7000;;;;North;;
Pahl M., Zhu H., Tautz J., Zhang S.;Y;2011;Australia;Australia;mixed;Apidae;Apis_mellifera;Female;Female;homing;homing;329;Max;Max;5000;;;;South;;
Pahl M., Zhu H., Tautz J., Zhang S.;Y;2011;Australia;Australia;mixed;Apidae;Apis_mellifera;Female;Female;homing;homing;464;Max;Max;11000;;;;East;;
Pahl M., Zhu H., Tautz J., Zhang S.;Y;2011;Australia;Australia;mixed;Apidae;Apis_mellifera;Female;Female;homing;homing;158;Max;Max;7000;;;;West;;
Pasquet et al. (2008);Y;2008;Africa;Kenya;Agriculture;Apidae;Xylocopa_flavorufa;Female;Female;tracking;tracking;28;Max;Max;6040;;;;Kaskazi many flowers;yes_pdf;
Pasquet et al. (2008);Y;2008;Africa;Kenya;Agriculture;Apidae;Xylocopa_flavorufa;Female;Female;tracking;tracking;31;Max;Max;5000;;;;Kusi sunny;yes_pdf;
Pasquet et al. (2008);Y;2008;Africa;Kenya;Agriculture;Apidae;Xylocopa_flavorufa;Female;Female;tracking;tracking;34;Max;Max;2340;;;;Kaskazi few flowers;yes_pdf;
Pasquet et al. (2008);Y;2008;Africa;Kenya;Agriculture;Apidae;Xylocopa_flavorufa;Female;Female;tracking;tracking;28;Typical;Mean;2092;;;;Kaskazi many flowers;yes_pdf;
Pasquet et al. (2008);Y;2008;Africa;Kenya;Agriculture;Apidae;Xylocopa_flavorufa;Female;Female;tracking;tracking;41;Max;Max;1390;;;;Kusi rainy;yes_pdf;
Pasquet et al. (2008);Y;2008;Africa;Kenya;Agriculture;Apidae;Xylocopa_flavorufa;Female;Female;tracking;tracking;31;Typical;Mean;887;;;;Kusi sunny;yes_pdf;
Pasquet et al. (2008);Y;2008;Africa;Kenya;Agriculture;Apidae;Xylocopa_flavorufa;Female;Female;tracking;tracking;34;Typical;Mean;759;;;;Kaskazi few flowers;yes_pdf;
Pasquet et al. (2008);Y;2008;Africa;Kenya;Agriculture;Apidae;Xylocopa_flavorufa;Female;Female;tracking;tracking;41;Typical;Mean;585;;;;Kusi rainy;yes_pdf;
Rao S., Hoffman G., Kirby J., Horne D.;Y;2019;North America;USA;urban;Apidae;Bombus_vosnesenskii;Female;Female;homing;homing;210;Max;Max;16000;;;;west;;
Rao S., Hoffman G., Kirby J., Horne D.;Y;2019;North America;USA;urban;Apidae;Bombus_vosnesenskii;Female;Female;homing;homing;210;Max;Max;7500;;;;east;;
Rao S., Strange J.P.;Y;2012;North America;USA;Agriculture;Apidae;Bombus_vosnesenskii;Female;Female;molecular;molecular;4;Typical;Mean;4790;;;;centroid;;
Rao S., Strange J.P.;Y;2012;North America;USA;Agriculture;Apidae;Bombus_vosnesenskii;Female;Female;molecular;molecular;4;Typical;Mean;2210;;;;centroid;;
Rao S., Strange J.P.;Y;2012;North America;USA;Agriculture;Apidae;Bombus_vosnesenskii;Female;Female;molecular;molecular;;Max;Max;11570;;;;centroid;;
Rau (1929, 1931);Y;1931;North America;USA;wooded hills/open fields;Apidae;Anthophora_abrupta;Female;Female;homing;homing;;Max;Max;2300;;;;;yes_pdf;
Rau (1929, 1931);Y;1931;North America;USA;wooded hills/open fields;Apidae;Anthophora_abrupta;Female;Female;homing;homing;;Typical;Typical;500;;;;;yes_pdf;
Rau (1929, 1931);Y;1931;North America;USA;wooded hills/open fields;Apidae;Xylocopa_virginica;Female;Female;homing;homing;;Max;Max;13000;;;;7.75 miles;yes_pdf;
Rau (1929, 1931);Y;1931;North America;USA;wooded hills/open fields;Apidae;Xylocopa_virginica;Female;Female;homing;homing;;Typical;Typical;7500;;;;;yes_pdf;
Rau (1929);Y;1929;North America;USA;wooded hills/open fields;Apidae;Anthophora_abrupta;Female;Female;homing;homing;66;Max;Max;12500;;;;;yes_pdf;
Redhead J.W., Dreier S., Bourke A.F.G., Heard M.S., Jordan W.C., Sumner S., Wang J., Carvell C.;Y;2016;Europe;UK;Agriculture;Apidae;Bombus_hortorum;Female;Female;molecular;molecular;48;Max;Max;810;;;;;;
Redhead J.W., Dreier S., Bourke A.F.G., Heard M.S., Jordan W.C., Sumner S., Wang J., Carvell C.;Y;2016;Europe;UK;Agriculture;Apidae;Bombus_hortorum;Female;Female;molecular;molecular;48;Typical;Mean;273;;20,15;;;;
Redhead J.W., Dreier S., Bourke A.F.G., Heard M.S., Jordan W.C., Sumner S., Wang J., Carvell C.;Y;2016;Europe;UK;Agriculture;Apidae;Bombus_lapidarius;Female;Female;molecular;molecular;271;Max;Max;2059;;;;;;
Redhead J.W., Dreier S., Bourke A.F.G., Heard M.S., Jordan W.C., Sumner S., Wang J., Carvell C.;Y;2016;Europe;UK;Agriculture;Apidae;Bombus_lapidarius;Female;Female;molecular;molecular;271;Typical;Mean;536;;16,02;;;;
Redhead J.W., Dreier S., Bourke A.F.G., Heard M.S., Jordan W.C., Sumner S., Wang J., Carvell C.;Y;2016;Europe;UK;Agriculture;Apidae;Bombus_pascuorum;Female;Female;molecular;molecular;123;Max;Max;1808;;;;;;
Redhead J.W., Dreier S., Bourke A.F.G., Heard M.S., Jordan W.C., Sumner S., Wang J., Carvell C.;Y;2016;Europe;UK;Agriculture;Apidae;Bombus_pascuorum;Female;Female;molecular;molecular;123;Typical;Mean;337;;19,92;;;;
Redhead J.W., Dreier S., Bourke A.F.G., Heard M.S., Jordan W.C., Sumner S., Wang J., Carvell C.;Y;2016;Europe;UK;Agriculture;Apidae;Bombus_ruderatus;Female;Female;molecular;molecular;42;Max;Max;2350;;;;;;
Redhead J.W., Dreier S., Bourke A.F.G., Heard M.S., Jordan W.C., Sumner S., Wang J., Carvell C.;Y;2016;Europe;UK;Agriculture;Apidae;Bombus_ruderatus;Female;Female;molecular;molecular;42;Typical;Mean;502;;33,71;;;;
Redhead J.W., Dreier S., Bourke A.F.G., Heard M.S., Jordan W.C., Sumner S., Wang J., Carvell C.;Y;2016;Europe;UK;Agriculture;Apidae;Bombus_terrestris;Female;Female;molecular;molecular;69;Max;Max;2878;;;;;;
Redhead J.W., Dreier S., Bourke A.F.G., Heard M.S., Jordan W.C., Sumner S., Wang J., Carvell C.;Y;2016;Europe;UK;Agriculture;Apidae;Bombus_terrestris;Female;Female;molecular;molecular;69;Typical;Mean;551;;39,83;;;;
Robertson (1966);Y_GSM;1966;;;;Megachilidae;Megachile_rotundata;Female;Female;associative;NFA;;Observed;Observed;100;;;;Observed distance - not sure if mean or max;no_access_LK;
Rodrigues F., Ribeiro M.F.;N;2014;South America;Brazil;natural - savanna;Apidae;Melipona_mandacaia;Female;Female;homing;homing;75;Max;Max;2700;;;;;;
Roubik (1989);Y_GSM;1989;;;;Apidae;Scaptotrigona_luteipennis;Female;Female;associative;pollen mapping;;Observed;Observed;1300;;;;Observed distance - not sure if mean or max;no_access_LK;
Roubik and Aluja (1983);Y;1983;Central America;Panama;forest;Apidae;Cephalotrigona_capitata;Female;Female;homing;homing;167;Max;Max;1500;;;;;yes_pdf;
Roubik and Aluja (1983);Y;1983;Central America;Panama;forest;Apidae;Melipona_fasciata;Female;Female;homing;homing;228;Max;Max;2100;;;;;yes_pdf;
Rust (1990);Y;1990;North America;USA;meadow;Megachilidae;Osmia_lignaria;Female;Female;associative;pollen mapping;;Observed;Observed;600;;;;distance between plant populations;yes_pdf;ss propinqua
Saville et al. 1997;Y;1997;Europe;Norway;Agriculture;Apidae;Bombus_lucorum;Female;Female;mark recapture;mark recapture;36;Max;Max;350;;;;;yes_pdf;
Schaffer and Wratten (1994);Y;1994;Australasia;New Zealand;Agriculture;Apidae;Bombus_terrestris;Female;Female;associative;nest plant association;;Max;Max;650;;;;Max distance seen on weeds before crop full-bloom;yes_pdf;
Schaffer and Wratten (1994);Y;1994;Australasia;New Zealand;Agriculture;Apidae;Bombus_terrestris;Female;Female;mark recapture;mark recapture;8;Typical;Typical;82,45;10,76382832;;;Fewer than 3% of the bees travelled further than 100m within the crop;yes_pdf;
Schmid-Egger et al. (1995);Y_Z;1995;;;;Colletidae;Colletes_hederae;NA;NA;NA;NA;;Max;Max;400;;;;German;no_access_LK;
Schneider and Hall (1997);Y;1997;Central America;Costa Rica;NA;Apidae;Apis_mellifera;Female;Female;waggle dance;waggle dance;;Typical;Mean;1402;336;;;Hybrids - pollen;yes_pdf;
Schneider and Hall (1997);Y;1997;Central America;Costa Rica;NA;Apidae;Apis_mellifera;Female;Female;waggle dance;waggle dance;;Typical;Mean;1202;82;;;Hybrids - nectar;yes_pdf;
Schneider and Hall (1997);Y;1997;Central America;Costa Rica;NA;Apidae;Apis_mellifera;Female;Female;waggle dance;waggle dance;;Typical;Mean;1085;143;;;African - pollen;yes_pdf;
Schneider and Hall (1997);Y;1997;Central America;Costa Rica;NA;Apidae;Apis_mellifera;Female;Female;waggle dance;waggle dance;;Typical;Mean;1041;38;;;African - nectar;yes_pdf;
Silva A.G., Pinto R.S., Contrera F.A.L., Albuquerque P.M.C., RÃªgo M.M.C.;Y;2014;South America;Brazil;natural - scrub shrub;Apidae;Melipona_subnitida;Female;Female;homing;homing;150;Max;Max;4000;;;;1;;
Silva A.G., Pinto R.S., Contrera F.A.L., Albuquerque P.M.C., RÃªgo M.M.C.;Y;2014;South America;Brazil;natural - scrub shrub;Apidae;Melipona_subnitida;Female;Female;homing;homing;150;Max;Max;3600;;;;2;;
Silva A.G., Pinto R.S., Contrera F.A.L., Albuquerque P.M.C., RÃªgo M.M.C.;Y;2014;South America;Brazil;natural - scrub shrub;Apidae;Melipona_subnitida;Female;Female;homing;homing;150;Max;Max;3600;;;;3;;
Silva A.G., Pinto R.S., Contrera F.A.L., Albuquerque P.M.C., RÃªgo M.M.C.;Y;2014;South America;Brazil;natural - scrub shrub;Apidae;Melipona_subnitida;Female;Female;feeder;feeder;;Max;Max;1160;;;;1;;
Silva A.G., Pinto R.S., Contrera F.A.L., Albuquerque P.M.C., RÃªgo M.M.C.;Y;2014;South America;Brazil;natural - scrub shrub;Apidae;Melipona_subnitida;Female;Female;feeder;feeder;;Max;Max;1120;;;;2;;
Silva A.G., Pinto R.S., Contrera F.A.L., Albuquerque P.M.C., RÃªgo M.M.C.;Y;2014;South America;Brazil;natural - scrub shrub;Apidae;Melipona_subnitida;Female;Female;feeder;feeder;;Max;Max;1080;;;;3;;
Silva A.G., Pinto R.S., Contrera F.A.L., Albuquerque P.M.C., RÃªgo M.M.C.;Y;2014;South America;Brazil;natural - scrub shrub;Apidae;Melipona_subnitida;Female;Female;feeder;feeder;;Typical;Mean;900;;;;1;;
Silva A.G., Pinto R.S., Contrera F.A.L., Albuquerque P.M.C., RÃªgo M.M.C.;Y;2014;South America;Brazil;natural - scrub shrub;Apidae;Melipona_subnitida;Female;Female;feeder;feeder;;Typical;Mean;940;;;;2;;
Silva A.G., Pinto R.S., Contrera F.A.L., Albuquerque P.M.C., RÃªgo M.M.C.;Y;2014;South America;Brazil;natural - scrub shrub;Apidae;Melipona_subnitida;Female;Female;feeder;feeder;;Typical;Mean;820;;;;3;;
Smith J.P., Heard T.A., Beekman M., Gloag R.;Y;2017;Australia;Australia;natural - bushland with agriculture in distance;Apidae;Tetragonula_carbonaria;Female;Female;homing;homing;100;Max;Max;700;;;;;;
Smith J.P., Heard T.A., Beekman M., Gloag R.;Y;2017;Australia;Australia;natural - bushland with agriculture in distance;Apidae;Tetragonula_carbonaria;Female;Female;homing;homing;100;Typical;Mean;333;;;;max_50;;
Southwick and Buchmann (1995);Y;1995;North America;USA;desert;Apidae;Apis_mellifera;Female;Female;homing;homing;;Max;Max;9200;;;;;Mountain;
Southwick and Buchmann (1995);Y;1995;North America;USA;Agriculture;Apidae;Apis_mellifera;Female;Female;homing;homing;;Max;Max;5600;;;;;Arizona;
Southwick and Buchmann (1995);Y;1995;North America;USA;Agriculture;Apidae;Apis_mellifera;Female;Female;homing;homing;;Max;Max;5300;;;;;New York;
Steffan-Dewenter and Kuhn (2003);Y;2003;Europe;Germany;Agriculture;Apidae;Apis_mellifera;Female;Female;waggle dance;waggle dance;;Max;Max;10037,1;;;;;;
Steffan-Dewenter and Kuhn (2003);Y;2003;Europe;Germany;Agriculture;Apidae;Apis_mellifera;Female;Female;waggle dance;waggle dance;;Typical;Mean;1786;96,6;;;;JUNE - OVERALL;
Steffan-Dewenter and Kuhn (2003);Y;2003;Europe;Germany;Agriculture;Apidae;Apis_mellifera;Female;Female;waggle dance;waggle dance;;Typical;Mean;1518,2;51,3;;;;JULY - OVERALL;
Steffan-Dewenter and Kuhn (2003);Y;2003;Europe;Germany;Agriculture;Apidae;Apis_mellifera;Female;Female;waggle dance;waggle dance;;Typical;Mean;1319;53,2;;;;MAY - OVERALL;
Tasei and Delaude (1984);Y_Z;1984;;;;Megachilidae;Megachile_rotundata;NA;Female;associative;nest plant association;;Max;Max;100;;;;French;no_access_LK;
Tepedino (1983);Y;1983;North America;USA;Agriculture;Megachilidae;Megachile_rotundata;Female;Female;associative;pollen mapping;;Observed;Observed;500;;;;bees must have flown at least 500m for forage;yes_pdf;
Van Nieuwstadt and Iraheta (1996);Y;1996;Central America;Costa Rica;savannah woodland;Apidae;Nannotrigona_perilampoides;Female;Female;homing;homing;;Max;Max;500;;;;Fig 1 - max distance forager returned;yes_pdf;
Van Nieuwstadt and Iraheta (1996);Y;1996;Central America;Costa Rica;savannah woodland;Apidae;Nannotrigona_perilampoides;Female;Female;feeder;feeder;;Max;Max;120;;;;Fig 2;yes_pdf;
Van Nieuwstadt and Iraheta (1996);Y;1996;Central America;Costa Rica;savannah woodland;Apidae;Partamona_cupira;Female;Female;homing;homing;;Max;Max;800;;;;Fig 1 - max distance forager returned;yes_pdf;species aff
Van Nieuwstadt and Iraheta (1996);Y;1996;Central America;Costa Rica;savannah woodland;Apidae;Partamona_cupira;Female;Female;feeder;feeder;;Max;Max;520;;;;Fig 2;yes_pdf;species aff
Van Nieuwstadt and Iraheta (1996);Y;1996;Central America;Costa Rica;savannah woodland;Apidae;Tetragonisca_angustula;Female;Female;homing;homing;;Max;Max;800;;;;Fig 1 - max distance forager returned;yes_pdf;
Van Nieuwstadt and Iraheta (1996);Y;1996;Central America;Costa Rica;savannah woodland;Apidae;Tetragonisca_angustula;Female;Female;feeder;feeder;;Max;Max;680;;;;Fig 2;yes_pdf;
Van Nieuwstadt and Iraheta (1996);Y;1996;Central America;Costa Rica;savannah woodland;Apidae;Trigona_corvina;Female;Female;homing;homing;;Max;Max;800;;;;Fig 1 - max distance forager returned;yes_pdf;
Van Nieuwstadt and Iraheta (1996);Y;1996;Central America;Costa Rica;savannah woodland;Apidae;Trigona_corvina;Female;Female;feeder;feeder;;Max;Max;320;;;;Fig 2;yes_pdf;
Vansell and Todd (1946);Y_GSM;1946;;;;Halictidae;Nomia_melanderi;Female;Female;associative;NFA;;Observed;Observed;2400;;;;Observed distance - not sure if mean or max;no_access_LK;
Vicens and Bosch (2000);Y;2000;Europe;Spain;Agriculture;Megachilidae;Osmia_cornuta;Female;Female;homing;homing;;Max;Max;2200;;;;;;
Visscher and Seeley (1982);Y;1982;North America;USA;forest;Apidae;Apis_mellifera;Female;Female;waggle dance;waggle dance;;Max;Max;10100;;;;;yes_pdf;
Visscher and Seeley (1982);Y;1982;North America;USA;forest;Apidae;Apis_mellifera;Female;Female;waggle dance;waggle dance;36;Typical;Mean;2260;1890;;;pooled est - has per day estimates also but not all days reported;yes_pdf;
von Frisch (1967);Y;1967;;;;Apidae;Apis_mellifera;Female;Female;waggle dance;waggle dance;;Max;Max;13500;;;;Foraging distance;no_access_LK;
Waddington et al. (1994);Y;1994;North America;USA;urban;Apidae;Apis_mellifera;Female;Female;waggle dance;waggle dance;;Typical;Mean;1450,44;333,16;;;CA1_5;yes_pdf;
Waddington et al. (1994);Y;1994;North America;USA;urban;Apidae;Apis_mellifera;Female;Female;waggle dance;waggle dance;;Typical;Mean;1377,19;284,63;;;CA1_4;yes_pdf;
Waddington et al. (1994);Y;1994;North America;USA;urban;Apidae;Apis_mellifera;Female;Female;waggle dance;waggle dance;;Typical;Mean;1094,63;175,6;;;FL2_3;yes_pdf;
Waddington et al. (1994);Y;1994;North America;USA;urban;Apidae;Apis_mellifera;Female;Female;waggle dance;waggle dance;;Typical;Mean;970,31;266,46;;;CA1_2;yes_pdf;
Waddington et al. (1994);Y;1994;North America;USA;urban;Apidae;Apis_mellifera;Female;Female;waggle dance;waggle dance;;Typical;Mean;866,84;327,08;;;CA1_1;yes_pdf;
Waddington et al. (1994);Y;1994;North America;USA;urban;Apidae;Apis_mellifera;Female;Female;waggle dance;waggle dance;;Typical;Mean;861,63;199,86;;;CA1_3;yes_pdf;
Waddington et al. (1994);Y;1994;North America;USA;urban;Apidae;Apis_mellifera;Female;Female;waggle dance;waggle dance;;Typical;Mean;804,1;290,85;;;FL2_4;yes_pdf;
Waddington et al. (1994);Y;1994;North America;USA;urban;Apidae;Apis_mellifera;Female;Female;waggle dance;waggle dance;;Typical;Mean;803,32;139,27;;;FL2_2;yes_pdf;
Waddington et al. (1994);Y;1994;North America;USA;urban;Apidae;Apis_mellifera;Female;Female;waggle dance;waggle dance;;Typical;Mean;794,51;133,16;;;FL1_1;yes_pdf;
Waddington et al. (1994);Y;1994;North America;USA;urban;Apidae;Apis_mellifera;Female;Female;waggle dance;waggle dance;;Typical;Mean;724,02;193,74;;;CA2_1;yes_pdf;
Waddington et al. (1994);Y;1994;North America;USA;urban;Apidae;Apis_mellifera;Female;Female;waggle dance;waggle dance;;Typical;Mean;700,63;151,39;;;CA2_3;yes_pdf;
Waddington et al. (1994);Y;1994;North America;USA;urban;Apidae;Apis_mellifera;Female;Female;waggle dance;waggle dance;;Typical;Mean;643,95;157,42;;;FL1_3;yes_pdf;
Waddington et al. (1994);Y;1994;North America;USA;urban;Apidae;Apis_mellifera;Female;Female;waggle dance;waggle dance;;Typical;Mean;637,45;127,11;;;FL1_2;yes_pdf;
Waddington et al. (1994);Y;1994;North America;USA;urban;Apidae;Apis_mellifera;Female;Female;waggle dance;waggle dance;;Typical;Mean;609,29;321,06;;;CA2_2;yes_pdf;
Waddington et al. (1994);Y;1994;North America;USA;urban;Apidae;Apis_mellifera;Female;Female;waggle dance;waggle dance;;Typical;Mean;529,19;175,67;;;FL1_4;yes_pdf;
Waddington et al. (1994);Y;1994;North America;USA;urban;Apidae;Apis_mellifera;Female;Female;waggle dance;waggle dance;;Typical;Mean;505,99;114,96;;;FL2_1;yes_pdf;
Waddington et al. (1994);Y;1994;North America;USA;urban;Apidae;Apis_mellifera;Female;Female;waggle dance;waggle dance;;Typical;Mean;416,21;96,87;;;CA2_4;yes_pdf;
Waddington et al. (1994);Y;1994;North America;USA;urban;Apidae;Apis_mellifera;Female;Female;waggle dance;waggle dance;;Typical;Mean;404,6;102,84;;;CA2_5;yes_pdf;
Walther-Hellwig and Frankl (2000);Y;2000;Europe;Germany;Agriculture;Apidae;Bombus_lapidarius;Female;Female;mark recapture;mark recapture;22;Max;Max;1500;;;;Foraging distance;yes_pdf;
Walther-Hellwig and Frankl (2000);Y;2000;Europe;Germany;Agriculture;Apidae;Bombus_muscorum;Female;Female;mark recapture;mark recapture;13;Max;Max;500;;;;Foraging distance;yes_pdf;
Walther-Hellwig and Frankl (2000);Y;2000;Europe;Germany;Agriculture;Apidae;Bombus_terrestris;Female;Female;mark recapture;mark recapture;13;Max;Max;1750;;;;Foraging distance;yes_pdf;
Wesserling (1996) in Gathmann and Tscharntke (2002);Y_GSM;1996;;;;Andrenidae;Andrena_barbilabris;NA;Female;NA;NA;;Max;Max;300;;;;;no_access_LK;
Wesserling (1996) in Gathmann and Tscharntke (2002);Y_GSM;1996;;;;Andrenidae;Andrena_flavipes;NA;Female;NA;NA;;Max;Max;300;;;;;no_access_LK;
Wesserling (1996) in Gathmann and Tscharntke (2002);Y_GSM;1996;;;;Andrenidae;Andrena_vaga;NA;Female;NA;NA;;Max;Max;300;;;;;no_access_LK;
Wesserling (1996) in Gathmann and Tscharntke (2002);Y_GSM;1996;;;;Colletidae;Colletes_cunicularius;NA;Female;NA;NA;;Max;Max;400;;;;;no_access_LK;
Wesserling (1996) in Gathmann and Tscharntke 2002;Y_GSM;1996;;;;Megachilidae;Megachile_lapponica;NA;Female;NA;NA;;Max;Max;600;;;;;no_access_LK;
Wesserling and Tscharntke (1995);Y_Z;1995;;;;Andrenidae;Andrena_barbilabris;NA;Female;homing;homing;;Max;Max;500;;;;Homing distance;no_access_LK;
Wesserling and Tscharntke (1995);Y_Z;1995;;;;Andrenidae;Andrena_flavipes;NA;Female;homing;homing;;Max;Max;600;;;;Homing distance;no_access_LK;
Wesserling and Tscharntke (1995);Y_Z;1995;;;;Andrenidae;Andrena_vaga;NA;Female;homing;homing;;Max;Max;600;;;;Homing distance;no_access_LK;
Wesserling and Tscharntke (1995);Y_Z;1995;;;;Apidae;Eucera_salicariae;NA;Female;homing;homing;;Max;Max;400;;;;Homing distance;no_access_LK;
Westphal C., Steffan-Dewenter I., Tscharntke T.;Y;2006;Europe;Germany;mixed agriculture semi-natural;Apidae;Bombus_lapidarius;Female;Female;associative;nest plant association;1155;Max;Max;2750;;;;;;
Westphal C., Steffan-Dewenter I., Tscharntke T.;Y;2006;Europe;Germany;mixed agriculture semi-natural;Apidae;Bombus_pascuorum;Female;Female;associative;nest plant association;242;Max;Max;1000;;;;;;
Westphal C., Steffan-Dewenter I., Tscharntke T.;Y;2006;Europe;Germany;mixed agriculture semi-natural;Apidae;Bombus_pratorum;Female;Female;associative;nest plant association;52;Max;Max;250;;;;;;
Westphal C., Steffan-Dewenter I., Tscharntke T.;Y;2006;Europe;Germany;mixed agriculture semi-natural;Apidae;Bombus_terrestris;Female;Female;associative;nest plant association;1874;Max;Max;3000;;;;;;
Wikelski M., Moxley J., Eaton-Mordas A., LÃ³pez-Uribe M.M., Holland R., Moskowitz D., Roubik D.W., Kays R.;N;2010;Central America;Panama;;Apidae;Exaerete frontalis;Male;Male;tracking;tracking;7;Typical;Mean;1516;340;;;;;
Wille (1976);Y_GSM;1976;;;;Apidae;Melipona_fuligonosa;Female;Female;homing;homing;;Max;Max;2000;;;;Spanish;checked_IB;
Wille (1976);Y;1976;;;;Apidae;Trigona_corvina;Female;Female;NA;NA;;Observed;NA;600;;;;From Kerr 1959;no_access_LK;
Wille (1976);Y;1976;;;;Apidae;Trigona_amalthea;Female;Female;NA;NA;;Observed;NA;800;;;;From Kerr 1959;no_access_LK;
Wille & Orozco 1970;Y;1984;Central America;Costa Rica;pasture/rainforest;Halictidae;Lasioglossum_umbripenne;Female;Female;homing;homing;;Max;Max;200;;;;Source is wrong: corrected - was listed as Batra 1984;yes_pdf;
Wille & Orozco 1970;Y;1984;Central America;Costa Rica;pasture/rainforest;Halictidae;Lasioglossum_umbripenne;Female;Female;homing;homing;;Typical;Typical;100;;;;Source is wrong: corrected - was listed as Batra 1984;yes_pdf;
Witt (1992) in Gathmann and Tscharntke (2002);N;1996;Europe;Germany;NA;Andrenidae;Andrena_barbilabris;NA;Female;NA;NA;;Max;Max;500;;;;;no_access_LK;
Wolf and Moritz (2008);Y;2008;Europe;Germany;Agriculture;Apidae;Bombus_terrestris;Female;Female;mark recapture;mark recapture;126;Max;Max;800;;;;;yes_pdf;
Wolf and Moritz (2008);Y;2008;Europe;Germany;Agriculture;Apidae;Bombus_terrestris;Female;Female;mark recapture;mark recapture;126;Typical;Mean;267,2;180,3;;;;yes_pdf;
Wood (2015);Y;2015;Europe;UK;Agriculture;Apidae;Bombus_hortorum;Female;Female;molecular;molecular;;Max;Max;1415;;;;ELS;;
Wood (2015);Y;2015;Europe;UK;Agriculture;Apidae;Bombus_hortorum;Female;Female;molecular;molecular;;Max;Max;282;;;;HLS;;
Wood (2015);Y;2015;Europe;UK;Agriculture;Apidae;Bombus_lapidarius;Female;Female;molecular;molecular;;Max;Max;746;;;;HLS;;
Wood (2015);Y;2015;Europe;UK;Agriculture;Apidae;Bombus_lapidarius;Female;Female;molecular;molecular;;Max;Max;484;;;;ELS;;
Wood (2015);Y;2015;Europe;UK;Agriculture;Apidae;Bombus_pascuorum;Female;Female;molecular;molecular;;Max;Max;377;;;;HLS;;
Wood (2015);Y;2015;Europe;UK;Agriculture;Apidae;Bombus_pascuorum;Female;Female;molecular;molecular;;Max;Max;313;;;;ELS;;
Wood (2015);Y;2015;Europe;UK;Agriculture;Apidae;Bombus_terrestris;Female;Female;molecular;molecular;;Max;Max;1196;;;;ELS;;
Wood (2015);Y;2015;Europe;UK;Agriculture;Apidae;Bombus_terrestris;Female;Female;molecular;molecular;;Max;Max;709;;;;HLS;;
Zurbuchen 2010;Y;2010;Europe;Switzerland;Agriculture;Megachilidae;Chelostoma_rapunculi;Female;Female;associative;nest plant association;35;Max;Max;1275;;;;Foraging distance;yes_pdf;
Zurbuchen 2010;Y;2010;Europe;Switzerland;Agriculture;Megachilidae;Hoplitis_adunca;Female;Female;associative;nest plant association;39;Max;Max;1400;;;;Foraging distance;yes_pdf;
Zurbuchen 2010;Y;2010;Europe;Switzerland;Agriculture;Colletidae;Hylaeus_punctulatissimus;Female;Female;associative;nest plant association;85;Max;Max;1100;;;;Foraging distance;yes_pdf;
Zurbuchen 2010b;Y;2010;Europe;Switzerland;Agriculture;Megachilidae;Chelostoma_florisomne;Female;Female;mark recapture;mark recapture;18;Max;Max;650;;;;Foraging distance;yes_pdf;
Inoue 1985;Y;1985;Asia;Indonesia;NA;Apidae;Tetragonula_minangkabau;Female;Female;associative;nest plant association;NA;Max;Max;434;;;;;yes_pdf;
Inoue 1985;Y;1985;Asia;Indonesia;NA;Apidae;Tetragonula_minangkabau;Female;Female;associative;nest plant association;NA;Typical;Typical;258;;;;;yes_pdf;
Nagamitsu 2012;Y;2012;Asia;Japan;Agriculture;Apidae;Bombus_diversus;Female;Female;molecular;molecular;;Max;Max;723;;;;;yes_pdf;
Nagamitsu 2012;Y;2012;Asia;Japan;Agriculture;Apidae;Bombus_hypocrita;Female;Female;molecular;molecular;;Max;Max;848;;;;;yes_pdf;
Nagamitsu 2012;Y;2012;Asia;Japan;Agriculture;Apidae;Bombus_diversus;Female;Female;molecular;molecular;;Typical;Typical;175,5;;;;mean;yes_pdf;
Nagamitsu 2012;Y;2012;Asia;Japan;Agriculture;Apidae;Bombus_hypocrita;Female;Female;molecular;molecular;;Typical;Typical;293;;;;mean;yes_pdf;
Nagamitsu 2009;Y;2009;Asia;Japan;Mixed use;Apidae;Bombus_terrestris;Female;Female;molecular;molecular;;Max;Max;782;;;;;yes_pdf;
Nagamitsu 2009;Y;2009;Asia;Japan;Mixed use;Apidae;Bombus_terrestris;Female;Female;molecular;molecular;;Typical;Typical;264,5;;;;mean;yes_pdf;